tool,case,targetClass,budgetSec,run,seed,measurementScope,generatedTestFiles,testsExecuted,testFailures,testSkipped,lineCoveragePct,branchCoveragePct,instructionCoveragePct,mutationScorePct,mutationsTotal,mutationsKilled,mutationsSurvived,mutationsTimedOut,mutationsNoCoverage,generationElapsedSec,analysisElapsedSec,status,error,generationBudgetKind,generationStopReason,generationTargetTests,sourceDir,preparedDir,buildDir,uniqueTestMethods
EvoSuite,LongestIncreasingSubsequence,com.viktor.lab4.LongestIncreasingSubsequence,120,1,101,class-family,2,4,0,0,100.0,100.0,100.0,100.0,9,9,0,0,0,,11.461,OK,,search_time,,,C:\Users\user\Documents\Polytech\Testing\Lab4up\src\generatedTest\suites\EvoSuite\LongestIncreasingSubsequence\120\run1-seed101,C:\Users\user\Documents\Polytech\Testing\Lab4up\build\analysis\work\EvoSuite\LongestIncreasingSubsequence\120\run1-seed101,C:\Users\user\Documents\Polytech\Testing\Lab4up\build\analysis\3f35b083a3f6\EvoSuite\LongestIncreasingSubsequence\120\run1-seed101\class-family-v1,4
EvoSuite,LongestIncreasingSubsequence,com.viktor.lab4.LongestIncreasingSubsequence,120,2,202,class-family,2,4,0,0,100.0,100.0,100.0,100.0,9,9,0,0,0,,9.111,OK,,search_time,,,C:\Users\user\Documents\Polytech\Testing\Lab4up\src\generatedTest\suites\EvoSuite\LongestIncreasingSubsequence\120\run2-seed202,C:\Users\user\Documents\Polytech\Testing\Lab4up\build\analysis\work\EvoSuite\LongestIncreasingSubsequence\120\run2-seed202,C:\Users\user\Documents\Polytech\Testing\Lab4up\build\analysis\3f35b083a3f6\EvoSuite\LongestIncreasingSubsequence\120\run2-seed202\class-family-v1,4
EvoSuite,LongestIncreasingSubsequence,com.viktor.lab4.LongestIncreasingSubsequence,120,3,303,class-family,2,3,0,0,100.0,100.0,100.0,100.0,9,9,0,0,0,,10.232,OK,,search_time,,,C:\Users\user\Documents\Polytech\Testing\Lab4up\src\generatedTest\suites\EvoSuite\LongestIncreasingSubsequence\120\run3-seed303,C:\Users\user\Documents\Polytech\Testing\Lab4up\build\analysis\work\EvoSuite\LongestIncreasingSubsequence\120\run3-seed303,C:\Users\user\Documents\Polytech\Testing\Lab4up\build\analysis\3f35b083a3f6\EvoSuite\LongestIncreasingSubsequence\120\run3-seed303\class-family-v1,3
EvoSuite,LongestIncreasingSubsequence,com.viktor.lab4.LongestIncreasingSubsequence,120,4,404,class-family,2,4,0,0,100.0,100.0,100.0,100.0,9,9,0,0,0,,15.076,OK,,search_time,,,C:\Users\user\Documents\Polytech\Testing\Lab4up\src\generatedTest\suites\EvoSuite\LongestIncreasingSubsequence\120\run4-seed404,C:\Users\user\Documents\Polytech\Testing\Lab4up\build\analysis\work\EvoSuite\LongestIncreasingSubsequence\120\run4-seed404,C:\Users\user\Documents\Polytech\Testing\Lab4up\build\analysis\3f35b083a3f6\EvoSuite\LongestIncreasingSubsequence\120\run4-seed404\class-family-v1,4
EvoSuite,LongestIncreasingSubsequence,com.viktor.lab4.LongestIncreasingSubsequence,120,5,505,class-family,2,3,0,0,100.0,100.0,100.0,100.0,9,9,0,0,0,,13.233,OK,,search_time,,,C:\Users\user\Documents\Polytech\Testing\Lab4up\src\generatedTest\suites\EvoSuite\LongestIncreasingSubsequence\120\run5-seed505,C:\Users\user\Documents\Polytech\Testing\Lab4up\build\analysis\work\EvoSuite\LongestIncreasingSubsequence\120\run5-seed505,C:\Users\user\Documents\Polytech\Testing\Lab4up\build\analysis\3f35b083a3f6\EvoSuite\LongestIncreasingSubsequence\120\run5-seed505\class-family-v1,3
EvoSuite,LongestIncreasingSubsequence,com.viktor.lab4.LongestIncreasingSubsequence,120,6,606,class-family,2,4,0,0,100.0,100.0,100.0,100.0,9,9,0,0,0,,8.392,OK,,search_time,,,C:\Users\user\Documents\Polytech\Testing\Lab4up\src\generatedTest\suites\EvoSuite\LongestIncreasingSubsequence\120\run6-seed606,C:\Users\user\Documents\Polytech\Testing\Lab4up\build\analysis\work\EvoSuite\LongestIncreasingSubsequence\120\run6-seed606,C:\Users\user\Documents\Polytech\Testing\Lab4up\build\analysis\3f35b083a3f6\EvoSuite\LongestIncreasingSubsequence\120\run6-seed606\class-family-v1,4
EvoSuite,LongestIncreasingSubsequence,com.viktor.lab4.LongestIncreasingSubsequence,120,7,707,class-family,2,4,0,0,100.0,100.0,100.0,100.0,9,9,0,0,0,,8.469,OK,,search_time,,,C:\Users\user\Documents\Polytech\Testing\Lab4up\src\generatedTest\suites\EvoSuite\LongestIncreasingSubsequence\120\run7-seed707,C:\Users\user\Documents\Polytech\Testing\Lab4up\build\analysis\work\EvoSuite\LongestIncreasingSubsequence\120\run7-seed707,C:\Users\user\Documents\Polytech\Testing\Lab4up\build\analysis\3f35b083a3f6\EvoSuite\LongestIncreasingSubsequence\120\run7-seed707\class-family-v1,4
EvoSuite,LongestIncreasingSubsequence,com.viktor.lab4.LongestIncreasingSubsequence,120,8,808,class-family,2,4,0,0,100.0,100.0,100.0,100.0,9,9,0,0,0,,8.113,OK,,search_time,,,C:\Users\user\Documents\Polytech\Testing\Lab4up\src\generatedTest\suites\EvoSuite\LongestIncreasingSubsequence\120\run8-seed808,C:\Users\user\Documents\Polytech\Testing\Lab4up\build\analysis\work\EvoSuite\LongestIncreasingSubsequence\120\run8-seed808,C:\Users\user\Documents\Polytech\Testing\Lab4up\build\analysis\3f35b083a3f6\EvoSuite\LongestIncreasingSubsequence\120\run8-seed808\class-family-v1,4
EvoSuite,LongestIncreasingSubsequence,com.viktor.lab4.LongestIncreasingSubsequence,120,9,909,class-family,2,5,0,0,100.0,100.0,100.0,100.0,9,9,0,0,0,,8.634,OK,,search_time,,,C:\Users\user\Documents\Polytech\Testing\Lab4up\src\generatedTest\suites\EvoSuite\LongestIncreasingSubsequence\120\run9-seed909,C:\Users\user\Documents\Polytech\Testing\Lab4up\build\analysis\work\EvoSuite\LongestIncreasingSubsequence\120\run9-seed909,C:\Users\user\Documents\Polytech\Testing\Lab4up\build\analysis\3f35b083a3f6\EvoSuite\LongestIncreasingSubsequence\120\run9-seed909\class-family-v1,5
EvoSuite,LongestIncreasingSubsequence,com.viktor.lab4.LongestIncreasingSubsequence,120,10,10010,class-family,2,3,0,0,100.0,100.0,100.0,100.0,9,9,0,0,0,,10.528,OK,,search_time,,,C:\Users\user\Documents\Polytech\Testing\Lab4up\src\generatedTest\suites\EvoSuite\LongestIncreasingSubsequence\120\run10-seed10010,C:\Users\user\Documents\Polytech\Testing\Lab4up\build\analysis\work\EvoSuite\LongestIncreasingSubsequence\120\run10-seed10010,C:\Users\user\Documents\Polytech\Testing\Lab4up\build\analysis\3f35b083a3f6\EvoSuite\LongestIncreasingSubsequence\120\run10-seed10010\class-family-v1,3
EvoSuite,LruCache,com.viktor.lab4.LruCache,120,1,101,class-family,2,9,0,0,100.0,100.0,100.0,88.89,9,8,1,0,0,,8.247,OK,,search_time,,,C:\Users\user\Documents\Polytech\Testing\Lab4up\src\generatedTest\suites\EvoSuite\LruCache\120\run1-seed101,C:\Users\user\Documents\Polytech\Testing\Lab4up\build\analysis\work\EvoSuite\LruCache\120\run1-seed101,C:\Users\user\Documents\Polytech\Testing\Lab4up\build\analysis\3f35b083a3f6\EvoSuite\LruCache\120\run1-seed101\class-family-v1,9
EvoSuite,LruCache,com.viktor.lab4.LruCache,120,2,202,class-family,2,10,0,0,100.0,100.0,100.0,88.89,9,8,1,0,0,,8.159,OK,,search_time,,,C:\Users\user\Documents\Polytech\Testing\Lab4up\src\generatedTest\suites\EvoSuite\LruCache\120\run2-seed202,C:\Users\user\Documents\Polytech\Testing\Lab4up\build\analysis\work\EvoSuite\LruCache\120\run2-seed202,C:\Users\user\Documents\Polytech\Testing\Lab4up\build\analysis\3f35b083a3f6\EvoSuite\LruCache\120\run2-seed202\class-family-v1,10
EvoSuite,LruCache,com.viktor.lab4.LruCache,120,3,303,class-family,2,8,0,0,100.0,100.0,100.0,88.89,9,8,1,0,0,,8.363,OK,,search_time,,,C:\Users\user\Documents\Polytech\Testing\Lab4up\src\generatedTest\suites\EvoSuite\LruCache\120\run3-seed303,C:\Users\user\Documents\Polytech\Testing\Lab4up\build\analysis\work\EvoSuite\LruCache\120\run3-seed303,C:\Users\user\Documents\Polytech\Testing\Lab4up\build\analysis\3f35b083a3f6\EvoSuite\LruCache\120\run3-seed303\class-family-v1,8
EvoSuite,LruCache,com.viktor.lab4.LruCache,120,4,404,class-family,2,8,0,0,100.0,100.0,100.0,88.89,9,8,1,0,0,,8.653,OK,,search_time,,,C:\Users\user\Documents\Polytech\Testing\Lab4up\src\generatedTest\suites\EvoSuite\LruCache\120\run4-seed404,C:\Users\user\Documents\Polytech\Testing\Lab4up\build\analysis\work\EvoSuite\LruCache\120\run4-seed404,C:\Users\user\Documents\Polytech\Testing\Lab4up\build\analysis\3f35b083a3f6\EvoSuite\LruCache\120\run4-seed404\class-family-v1,8
EvoSuite,LruCache,com.viktor.lab4.LruCache,120,5,505,class-family,2,9,0,0,100.0,100.0,100.0,77.78,9,7,2,0,0,,8.977,OK,,search_time,,,C:\Users\user\Documents\Polytech\Testing\Lab4up\src\generatedTest\suites\EvoSuite\LruCache\120\run5-seed505,C:\Users\user\Documents\Polytech\Testing\Lab4up\build\analysis\work\EvoSuite\LruCache\120\run5-seed505,C:\Users\user\Documents\Polytech\Testing\Lab4up\build\analysis\3f35b083a3f6\EvoSuite\LruCache\120\run5-seed505\class-family-v1,9
EvoSuite,LruCache,com.viktor.lab4.LruCache,120,6,606,class-family,2,9,0,0,100.0,100.0,100.0,88.89,9,8,1,0,0,,9.01,OK,,search_time,,,C:\Users\user\Documents\Polytech\Testing\Lab4up\src\generatedTest\suites\EvoSuite\LruCache\120\run6-seed606,C:\Users\user\Documents\Polytech\Testing\Lab4up\build\analysis\work\EvoSuite\LruCache\120\run6-seed606,C:\Users\user\Documents\Polytech\Testing\Lab4up\build\analysis\3f35b083a3f6\EvoSuite\LruCache\120\run6-seed606\class-family-v1,9
EvoSuite,LruCache,com.viktor.lab4.LruCache,120,7,707,class-family,2,7,0,0,100.0,100.0,100.0,88.89,9,8,1,0,0,,9.384,OK,,search_time,,,C:\Users\user\Documents\Polytech\Testing\Lab4up\src\generatedTest\suites\EvoSuite\LruCache\120\run7-seed707,C:\Users\user\Documents\Polytech\Testing\Lab4up\build\analysis\work\EvoSuite\LruCache\120\run7-seed707,C:\Users\user\Documents\Polytech\Testing\Lab4up\build\analysis\3f35b083a3f6\EvoSuite\LruCache\120\run7-seed707\class-family-v1,7
EvoSuite,LruCache,com.viktor.lab4.LruCache,120,8,808,class-family,2,7,0,0,100.0,100.0,100.0,88.89,9,8,1,0,0,,9.12,OK,,search_time,,,C:\Users\user\Documents\Polytech\Testing\Lab4up\src\generatedTest\suites\EvoSuite\LruCache\120\run8-seed808,C:\Users\user\Documents\Polytech\Testing\Lab4up\build\analysis\work\EvoSuite\LruCache\120\run8-seed808,C:\Users\user\Documents\Polytech\Testing\Lab4up\build\analysis\3f35b083a3f6\EvoSuite\LruCache\120\run8-seed808\class-family-v1,7
EvoSuite,LruCache,com.viktor.lab4.LruCache,120,9,909,class-family,2,9,0,0,100.0,100.0,100.0,88.89,9,8,1,0,0,,9.309,OK,,search_time,,,C:\Users\user\Documents\Polytech\Testing\Lab4up\src\generatedTest\suites\EvoSuite\LruCache\120\run9-seed909,C:\Users\user\Documents\Polytech\Testing\Lab4up\build\analysis\work\EvoSuite\LruCache\120\run9-seed909,C:\Users\user\Documents\Polytech\Testing\Lab4up\build\analysis\3f35b083a3f6\EvoSuite\LruCache\120\run9-seed909\class-family-v1,9
EvoSuite,LruCache,com.viktor.lab4.LruCache,120,10,10010,class-family,2,8,0,0,100.0,100.0,100.0,77.78,9,7,2,0,0,,8.711,OK,,search_time,,,C:\Users\user\Documents\Polytech\Testing\Lab4up\src\generatedTest\suites\EvoSuite\LruCache\120\run10-seed10010,C:\Users\user\Documents\Polytech\Testing\Lab4up\build\analysis\work\EvoSuite\LruCache\120\run10-seed10010,C:\Users\user\Documents\Polytech\Testing\Lab4up\build\analysis\3f35b083a3f6\EvoSuite\LruCache\120\run10-seed10010\class-family-v1,8
EvoSuite,PricingEngine,com.viktor.lab4.PricingEngine,120,1,101,class-family,2,23,0,0,97.92,97.62,99.15,82.98,47,39,8,0,0,,8.886,OK,,search_time,,,C:\Users\user\Documents\Polytech\Testing\Lab4up\src\generatedTest\suites\EvoSuite\PricingEngine\120\run1-seed101,C:\Users\user\Documents\Polytech\Testing\Lab4up\build\analysis\work\EvoSuite\PricingEngine\120\run1-seed101,C:\Users\user\Documents\Polytech\Testing\Lab4up\build\analysis\3f35b083a3f6\EvoSuite\PricingEngine\120\run1-seed101\class-family-v1,23
EvoSuite,PricingEngine,com.viktor.lab4.PricingEngine,120,2,202,class-family,2,23,0,0,97.92,97.62,99.15,76.6,47,36,11,0,0,,9.27,OK,,search_time,,,C:\Users\user\Documents\Polytech\Testing\Lab4up\src\generatedTest\suites\EvoSuite\PricingEngine\120\run2-seed202,C:\Users\user\Documents\Polytech\Testing\Lab4up\build\analysis\work\EvoSuite\PricingEngine\120\run2-seed202,C:\Users\user\Documents\Polytech\Testing\Lab4up\build\analysis\3f35b083a3f6\EvoSuite\PricingEngine\120\run2-seed202\class-family-v1,23
EvoSuite,PricingEngine,com.viktor.lab4.PricingEngine,120,3,303,class-family,2,23,0,0,97.92,97.62,99.15,82.98,47,39,8,0,0,,9.104,OK,,search_time,,,C:\Users\user\Documents\Polytech\Testing\Lab4up\src\generatedTest\suites\EvoSuite\PricingEngine\120\run3-seed303,C:\Users\user\Documents\Polytech\Testing\Lab4up\build\analysis\work\EvoSuite\PricingEngine\120\run3-seed303,C:\Users\user\Documents\Polytech\Testing\Lab4up\build\analysis\3f35b083a3f6\EvoSuite\PricingEngine\120\run3-seed303\class-family-v1,23
EvoSuite,PricingEngine,com.viktor.lab4.PricingEngine,120,4,404,class-family,2,23,0,0,97.92,97.62,99.15,76.6,47,36,11,0,0,,9.446,OK,,search_time,,,C:\Users\user\Documents\Polytech\Testing\Lab4up\src\generatedTest\suites\EvoSuite\PricingEngine\120\run4-seed404,C:\Users\user\Documents\Polytech\Testing\Lab4up\build\analysis\work\EvoSuite\PricingEngine\120\run4-seed404,C:\Users\user\Documents\Polytech\Testing\Lab4up\build\analysis\3f35b083a3f6\EvoSuite\PricingEngine\120\run4-seed404\class-family-v1,23
EvoSuite,PricingEngine,com.viktor.lab4.PricingEngine,120,5,505,class-family,2,24,0,0,97.92,97.62,99.15,57.45,47,27,20,0,0,,10.482,OK,,search_time,,,C:\Users\user\Documents\Polytech\Testing\Lab4up\src\generatedTest\suites\EvoSuite\PricingEngine\120\run5-seed505,C:\Users\user\Documents\Polytech\Testing\Lab4up\build\analysis\work\EvoSuite\PricingEngine\120\run5-seed505,C:\Users\user\Documents\Polytech\Testing\Lab4up\build\analysis\3f35b083a3f6\EvoSuite\PricingEngine\120\run5-seed505\class-family-v1,24
EvoSuite,PricingEngine,com.viktor.lab4.PricingEngine,120,6,606,class-family,2,24,0,0,97.92,97.62,99.15,76.6,47,36,11,0,0,,10.397,OK,,search_time,,,C:\Users\user\Documents\Polytech\Testing\Lab4up\src\generatedTest\suites\EvoSuite\PricingEngine\120\run6-seed606,C:\Users\user\Documents\Polytech\Testing\Lab4up\build\analysis\work\EvoSuite\PricingEngine\120\run6-seed606,C:\Users\user\Documents\Polytech\Testing\Lab4up\build\analysis\3f35b083a3f6\EvoSuite\PricingEngine\120\run6-seed606\class-family-v1,24
EvoSuite,PricingEngine,com.viktor.lab4.PricingEngine,120,7,707,class-family,2,25,0,0,97.92,97.62,99.15,80.85,47,38,9,0,0,,9.571,OK,,search_time,,,C:\Users\user\Documents\Polytech\Testing\Lab4up\src\generatedTest\suites\EvoSuite\PricingEngine\120\run7-seed707,C:\Users\user\Documents\Polytech\Testing\Lab4up\build\analysis\work\EvoSuite\PricingEngine\120\run7-seed707,C:\Users\user\Documents\Polytech\Testing\Lab4up\build\analysis\3f35b083a3f6\EvoSuite\PricingEngine\120\run7-seed707\class-family-v1,25
EvoSuite,PricingEngine,com.viktor.lab4.PricingEngine,120,8,808,class-family,2,23,0,0,97.92,97.62,99.15,82.98,47,39,8,0,0,,10.233,OK,,search_time,,,C:\Users\user\Documents\Polytech\Testing\Lab4up\src\generatedTest\suites\EvoSuite\PricingEngine\120\run8-seed808,C:\Users\user\Documents\Polytech\Testing\Lab4up\build\analysis\work\EvoSuite\PricingEngine\120\run8-seed808,C:\Users\user\Documents\Polytech\Testing\Lab4up\build\analysis\3f35b083a3f6\EvoSuite\PricingEngine\120\run8-seed808\class-family-v1,23
EvoSuite,PricingEngine,com.viktor.lab4.PricingEngine,120,9,909,class-family,2,24,0,0,97.92,97.62,99.15,82.98,47,39,8,0,0,,9.742,OK,,search_time,,,C:\Users\user\Documents\Polytech\Testing\Lab4up\src\generatedTest\suites\EvoSuite\PricingEngine\120\run9-seed909,C:\Users\user\Documents\Polytech\Testing\Lab4up\build\analysis\work\EvoSuite\PricingEngine\120\run9-seed909,C:\Users\user\Documents\Polytech\Testing\Lab4up\build\analysis\3f35b083a3f6\EvoSuite\PricingEngine\120\run9-seed909\class-family-v1,24
EvoSuite,PricingEngine,com.viktor.lab4.PricingEngine,120,10,10010,class-family,2,25,0,0,97.92,97.62,99.15,85.11,47,40,7,0,0,,9.813,OK,,search_time,,,C:\Users\user\Documents\Polytech\Testing\Lab4up\src\generatedTest\suites\EvoSuite\PricingEngine\120\run10-seed10010,C:\Users\user\Documents\Polytech\Testing\Lab4up\build\analysis\work\EvoSuite\PricingEngine\120\run10-seed10010,C:\Users\user\Documents\Polytech\Testing\Lab4up\build\analysis\3f35b083a3f6\EvoSuite\PricingEngine\120\run10-seed10010\class-family-v1,25
EvoSuite,SimpleJsonParser,com.viktor.lab4.SimpleJsonParser,120,1,101,class-family,2,16,0,0,83.67,76.71,84.34,76.19,63,48,14,1,1,,14.204,OK,,search_time,,,C:\Users\user\Documents\Polytech\Testing\Lab4up\src\generatedTest\suites\EvoSuite\SimpleJsonParser\120\run1-seed101,C:\Users\user\Documents\Polytech\Testing\Lab4up\build\analysis\work\EvoSuite\SimpleJsonParser\120\run1-seed101,C:\Users\user\Documents\Polytech\Testing\Lab4up\build\analysis\3f35b083a3f6\EvoSuite\SimpleJsonParser\120\run1-seed101\class-family-v1,16
EvoSuite,SimpleJsonParser,com.viktor.lab4.SimpleJsonParser,120,2,202,class-family,2,16,0,0,82.65,76.71,84.1,71.43,63,45,17,0,1,,9.647,OK,,search_time,,,C:\Users\user\Documents\Polytech\Testing\Lab4up\src\generatedTest\suites\EvoSuite\SimpleJsonParser\120\run2-seed202,C:\Users\user\Documents\Polytech\Testing\Lab4up\build\analysis\work\EvoSuite\SimpleJsonParser\120\run2-seed202,C:\Users\user\Documents\Polytech\Testing\Lab4up\build\analysis\3f35b083a3f6\EvoSuite\SimpleJsonParser\120\run2-seed202\class-family-v1,16
EvoSuite,SimpleJsonParser,com.viktor.lab4.SimpleJsonParser,120,3,303,class-family,2,17,0,0,83.67,76.71,84.34,74.6,63,47,15,1,1,,13.87,OK,,search_time,,,C:\Users\user\Documents\Polytech\Testing\Lab4up\src\generatedTest\suites\EvoSuite\SimpleJsonParser\120\run3-seed303,C:\Users\user\Documents\Polytech\Testing\Lab4up\build\analysis\work\EvoSuite\SimpleJsonParser\120\run3-seed303,C:\Users\user\Documents\Polytech\Testing\Lab4up\build\analysis\3f35b083a3f6\EvoSuite\SimpleJsonParser\120\run3-seed303\class-family-v1,17
EvoSuite,SimpleJsonParser,com.viktor.lab4.SimpleJsonParser,120,4,404,class-family,2,17,0,0,80.61,73.97,79.76,73.02,63,46,15,1,2,,14.335,OK,,search_time,,,C:\Users\user\Documents\Polytech\Testing\Lab4up\src\generatedTest\suites\EvoSuite\SimpleJsonParser\120\run4-seed404,C:\Users\user\Documents\Polytech\Testing\Lab4up\build\analysis\work\EvoSuite\SimpleJsonParser\120\run4-seed404,C:\Users\user\Documents\Polytech\Testing\Lab4up\build\analysis\3f35b083a3f6\EvoSuite\SimpleJsonParser\120\run4-seed404\class-family-v1,17
EvoSuite,SimpleJsonParser,com.viktor.lab4.SimpleJsonParser,120,5,505,class-family,2,17,0,0,84.69,78.08,84.82,71.43,63,45,18,0,0,,10.877,OK,,search_time,,,C:\Users\user\Documents\Polytech\Testing\Lab4up\src\generatedTest\suites\EvoSuite\SimpleJsonParser\120\run5-seed505,C:\Users\user\Documents\Polytech\Testing\Lab4up\build\analysis\work\EvoSuite\SimpleJsonParser\120\run5-seed505,C:\Users\user\Documents\Polytech\Testing\Lab4up\build\analysis\3f35b083a3f6\EvoSuite\SimpleJsonParser\120\run5-seed505\class-family-v1,17
EvoSuite,SimpleJsonParser,com.viktor.lab4.SimpleJsonParser,120,6,606,class-family,2,16,0,0,79.59,72.6,79.28,73.02,63,46,14,1,3,,14.61,OK,,search_time,,,C:\Users\user\Documents\Polytech\Testing\Lab4up\src\generatedTest\suites\EvoSuite\SimpleJsonParser\120\run6-seed606,C:\Users\user\Documents\Polytech\Testing\Lab4up\build\analysis\work\EvoSuite\SimpleJsonParser\120\run6-seed606,C:\Users\user\Documents\Polytech\Testing\Lab4up\build\analysis\3f35b083a3f6\EvoSuite\SimpleJsonParser\120\run6-seed606\class-family-v1,16
EvoSuite,SimpleJsonParser,com.viktor.lab4.SimpleJsonParser,120,7,707,class-family,2,15,0,0,81.63,75.34,83.61,69.84,63,44,17,0,2,,10.067,OK,,search_time,,,C:\Users\user\Documents\Polytech\Testing\Lab4up\src\generatedTest\suites\EvoSuite\SimpleJsonParser\120\run7-seed707,C:\Users\user\Documents\Polytech\Testing\Lab4up\build\analysis\work\EvoSuite\SimpleJsonParser\120\run7-seed707,C:\Users\user\Documents\Polytech\Testing\Lab4up\build\analysis\3f35b083a3f6\EvoSuite\SimpleJsonParser\120\run7-seed707\class-family-v1,15
EvoSuite,SimpleJsonParser,com.viktor.lab4.SimpleJsonParser,120,8,808,class-family,2,15,0,0,83.67,76.71,84.34,73.02,63,46,16,1,1,,14.551,OK,,search_time,,,C:\Users\user\Documents\Polytech\Testing\Lab4up\src\generatedTest\suites\EvoSuite\SimpleJsonParser\120\run8-seed808,C:\Users\user\Documents\Polytech\Testing\Lab4up\build\analysis\work\EvoSuite\SimpleJsonParser\120\run8-seed808,C:\Users\user\Documents\Polytech\Testing\Lab4up\build\analysis\3f35b083a3f6\EvoSuite\SimpleJsonParser\120\run8-seed808\class-family-v1,15
EvoSuite,SimpleJsonParser,com.viktor.lab4.SimpleJsonParser,120,9,909,class-family,2,16,0,0,83.67,76.71,84.34,74.6,63,47,15,1,1,,14.851,OK,,search_time,,,C:\Users\user\Documents\Polytech\Testing\Lab4up\src\generatedTest\suites\EvoSuite\SimpleJsonParser\120\run9-seed909,C:\Users\user\Documents\Polytech\Testing\Lab4up\build\analysis\work\EvoSuite\SimpleJsonParser\120\run9-seed909,C:\Users\user\Documents\Polytech\Testing\Lab4up\build\analysis\3f35b083a3f6\EvoSuite\SimpleJsonParser\120\run9-seed909\class-family-v1,16
EvoSuite,SimpleJsonParser,com.viktor.lab4.SimpleJsonParser,120,10,10010,class-family,2,17,0,0,81.63,75.34,83.61,69.84,63,44,17,0,2,,10.371,OK,,search_time,,,C:\Users\user\Documents\Polytech\Testing\Lab4up\src\generatedTest\suites\EvoSuite\SimpleJsonParser\120\run10-seed10010,C:\Users\user\Documents\Polytech\Testing\Lab4up\build\analysis\work\EvoSuite\SimpleJsonParser\120\run10-seed10010,C:\Users\user\Documents\Polytech\Testing\Lab4up\build\analysis\3f35b083a3f6\EvoSuite\SimpleJsonParser\120\run10-seed10010\class-family-v1,17
Randoop,LongestIncreasingSubsequence,com.viktor.lab4.LongestIncreasingSubsequence,120,1,101,class-family,7,5142,0,0,100.0,100.0,100.0,100.0,9,9,0,0,0,,24.897,OK,,search_time,,,C:\Users\user\Documents\Polytech\Testing\Lab4up\src\generatedTest\suites\Randoop\LongestIncreasingSubsequence\120\run1-seed101,C:\Users\user\Documents\Polytech\Testing\Lab4up\build\analysis\work\Randoop\LongestIncreasingSubsequence\120\run1-seed101,C:\Users\user\Documents\Polytech\Testing\Lab4up\build\analysis\3f35b083a3f6\Randoop\LongestIncreasingSubsequence\120\run1-seed101\class-family-v1,2571
Randoop,LongestIncreasingSubsequence,com.viktor.lab4.LongestIncreasingSubsequence,120,2,202,class-family,7,5166,0,0,100.0,100.0,100.0,100.0,9,9,0,0,0,,23.644,OK,,search_time,,,C:\Users\user\Documents\Polytech\Testing\Lab4up\src\generatedTest\suites\Randoop\LongestIncreasingSubsequence\120\run2-seed202,C:\Users\user\Documents\Polytech\Testing\Lab4up\build\analysis\work\Randoop\LongestIncreasingSubsequence\120\run2-seed202,C:\Users\user\Documents\Polytech\Testing\Lab4up\build\analysis\3f35b083a3f6\Randoop\LongestIncreasingSubsequence\120\run2-seed202\class-family-v1,2583
Randoop,LongestIncreasingSubsequence,com.viktor.lab4.LongestIncreasingSubsequence,120,3,303,class-family,4,2618,0,0,100.0,100.0,100.0,100.0,9,9,0,0,0,,16.544,OK,,search_time,,,C:\Users\user\Documents\Polytech\Testing\Lab4up\src\generatedTest\suites\Randoop\LongestIncreasingSubsequence\120\run3-seed303,C:\Users\user\Documents\Polytech\Testing\Lab4up\build\analysis\work\Randoop\LongestIncreasingSubsequence\120\run3-seed303,C:\Users\user\Documents\Polytech\Testing\Lab4up\build\analysis\3f35b083a3f6\Randoop\LongestIncreasingSubsequence\120\run3-seed303\class-family-v1,1309
Randoop,LongestIncreasingSubsequence,com.viktor.lab4.LongestIncreasingSubsequence,120,4,404,class-family,7,5528,0,0,100.0,100.0,100.0,100.0,9,9,0,0,0,,23.766,OK,,search_time,,,C:\Users\user\Documents\Polytech\Testing\Lab4up\src\generatedTest\suites\Randoop\LongestIncreasingSubsequence\120\run4-seed404,C:\Users\user\Documents\Polytech\Testing\Lab4up\build\analysis\work\Randoop\LongestIncreasingSubsequence\120\run4-seed404,C:\Users\user\Documents\Polytech\Testing\Lab4up\build\analysis\3f35b083a3f6\Randoop\LongestIncreasingSubsequence\120\run4-seed404\class-family-v1,2764
Randoop,LongestIncreasingSubsequence,com.viktor.lab4.LongestIncreasingSubsequence,120,5,505,class-family,6,4262,0,0,100.0,100.0,100.0,100.0,9,9,0,0,0,,19.554,OK,,search_time,,,C:\Users\user\Documents\Polytech\Testing\Lab4up\src\generatedTest\suites\Randoop\LongestIncreasingSubsequence\120\run5-seed505,C:\Users\user\Documents\Polytech\Testing\Lab4up\build\analysis\work\Randoop\LongestIncreasingSubsequence\120\run5-seed505,C:\Users\user\Documents\Polytech\Testing\Lab4up\build\analysis\3f35b083a3f6\Randoop\LongestIncreasingSubsequence\120\run5-seed505\class-family-v1,2131
Randoop,LongestIncreasingSubsequence,com.viktor.lab4.LongestIncreasingSubsequence,120,6,606,class-family,3,1300,0,0,100.0,100.0,100.0,100.0,9,9,0,0,0,,13.637,OK,,search_time,,,C:\Users\user\Documents\Polytech\Testing\Lab4up\src\generatedTest\suites\Randoop\LongestIncreasingSubsequence\120\run6-seed606,C:\Users\user\Documents\Polytech\Testing\Lab4up\build\analysis\work\Randoop\LongestIncreasingSubsequence\120\run6-seed606,C:\Users\user\Documents\Polytech\Testing\Lab4up\build\analysis\3f35b083a3f6\Randoop\LongestIncreasingSubsequence\120\run6-seed606\class-family-v1,650
Randoop,LongestIncreasingSubsequence,com.viktor.lab4.LongestIncreasingSubsequence,120,7,707,class-family,3,1068,0,0,100.0,100.0,100.0,88.89,9,8,1,0,0,,14.586,OK,,search_time,,,C:\Users\user\Documents\Polytech\Testing\Lab4up\src\generatedTest\suites\Randoop\LongestIncreasingSubsequence\120\run7-seed707,C:\Users\user\Documents\Polytech\Testing\Lab4up\build\analysis\work\Randoop\LongestIncreasingSubsequence\120\run7-seed707,C:\Users\user\Documents\Polytech\Testing\Lab4up\build\analysis\3f35b083a3f6\Randoop\LongestIncreasingSubsequence\120\run7-seed707\class-family-v1,534
Randoop,LongestIncreasingSubsequence,com.viktor.lab4.LongestIncreasingSubsequence,120,8,808,class-family,4,2896,0,0,100.0,100.0,100.0,100.0,9,9,0,0,0,,17.947,OK,,search_time,,,C:\Users\user\Documents\Polytech\Testing\Lab4up\src\generatedTest\suites\Randoop\LongestIncreasingSubsequence\120\run8-seed808,C:\Users\user\Documents\Polytech\Testing\Lab4up\build\analysis\work\Randoop\LongestIncreasingSubsequence\120\run8-seed808,C:\Users\user\Documents\Polytech\Testing\Lab4up\build\analysis\3f35b083a3f6\Randoop\LongestIncreasingSubsequence\120\run8-seed808\class-family-v1,1448
Randoop,LongestIncreasingSubsequence,com.viktor.lab4.LongestIncreasingSubsequence,120,9,909,class-family,5,3352,0,0,100.0,100.0,100.0,100.0,9,9,0,0,0,,17.912,OK,,search_time,,,C:\Users\user\Documents\Polytech\Testing\Lab4up\src\generatedTest\suites\Randoop\LongestIncreasingSubsequence\120\run9-seed909,C:\Users\user\Documents\Polytech\Testing\Lab4up\build\analysis\work\Randoop\LongestIncreasingSubsequence\120\run9-seed909,C:\Users\user\Documents\Polytech\Testing\Lab4up\build\analysis\3f35b083a3f6\Randoop\LongestIncreasingSubsequence\120\run9-seed909\class-family-v1,1676
Randoop,LongestIncreasingSubsequence,com.viktor.lab4.LongestIncreasingSubsequence,120,10,10010,class-family,5,3392,0,0,100.0,100.0,100.0,100.0,9,9,0,0,0,,17.206,OK,,search_time,,,C:\Users\user\Documents\Polytech\Testing\Lab4up\src\generatedTest\suites\Randoop\LongestIncreasingSubsequence\120\run10-seed10010,C:\Users\user\Documents\Polytech\Testing\Lab4up\build\analysis\work\Randoop\LongestIncreasingSubsequence\120\run10-seed10010,C:\Users\user\Documents\Polytech\Testing\Lab4up\build\analysis\3f35b083a3f6\Randoop\LongestIncreasingSubsequence\120\run10-seed10010\class-family-v1,1696
Randoop,LruCache,com.viktor.lab4.LruCache,120,1,101,class-family,3,1984,0,0,100.0,100.0,100.0,100.0,9,9,0,0,0,,13.47,OK,,search_time,,,C:\Users\user\Documents\Polytech\Testing\Lab4up\src\generatedTest\suites\Randoop\LruCache\120\run1-seed101,C:\Users\user\Documents\Polytech\Testing\Lab4up\build\analysis\work\Randoop\LruCache\120\run1-seed101,C:\Users\user\Documents\Polytech\Testing\Lab4up\build\analysis\3f35b083a3f6\Randoop\LruCache\120\run1-seed101\class-family-v1,992
Randoop,LruCache,com.viktor.lab4.LruCache,120,2,202,class-family,4,2570,0,0,100.0,100.0,100.0,100.0,9,9,0,0,0,,13.444,OK,,search_time,,,C:\Users\user\Documents\Polytech\Testing\Lab4up\src\generatedTest\suites\Randoop\LruCache\120\run2-seed202,C:\Users\user\Documents\Polytech\Testing\Lab4up\build\analysis\work\Randoop\LruCache\120\run2-seed202,C:\Users\user\Documents\Polytech\Testing\Lab4up\build\analysis\3f35b083a3f6\Randoop\LruCache\120\run2-seed202\class-family-v1,1285
Randoop,LruCache,com.viktor.lab4.LruCache,120,3,303,class-family,2,666,0,0,76.92,50.0,72.58,33.33,9,3,3,0,3,,10.269,OK,,search_time,,,C:\Users\user\Documents\Polytech\Testing\Lab4up\src\generatedTest\suites\Randoop\LruCache\120\run3-seed303,C:\Users\user\Documents\Polytech\Testing\Lab4up\build\analysis\work\Randoop\LruCache\120\run3-seed303,C:\Users\user\Documents\Polytech\Testing\Lab4up\build\analysis\3f35b083a3f6\Randoop\LruCache\120\run3-seed303\class-family-v1,333
Randoop,LruCache,com.viktor.lab4.LruCache,120,4,404,class-family,6,4518,0,0,100.0,100.0,100.0,100.0,9,9,0,0,0,,19.5,OK,,search_time,,,C:\Users\user\Documents\Polytech\Testing\Lab4up\src\generatedTest\suites\Randoop\LruCache\120\run4-seed404,C:\Users\user\Documents\Polytech\Testing\Lab4up\build\analysis\work\Randoop\LruCache\120\run4-seed404,C:\Users\user\Documents\Polytech\Testing\Lab4up\build\analysis\3f35b083a3f6\Randoop\LruCache\120\run4-seed404\class-family-v1,2259
Randoop,LruCache,com.viktor.lab4.LruCache,120,5,505,class-family,4,2888,0,0,100.0,75.0,96.77,100.0,9,9,0,0,0,,18.801,OK,,search_time,,,C:\Users\user\Documents\Polytech\Testing\Lab4up\src\generatedTest\suites\Randoop\LruCache\120\run5-seed505,C:\Users\user\Documents\Polytech\Testing\Lab4up\build\analysis\work\Randoop\LruCache\120\run5-seed505,C:\Users\user\Documents\Polytech\Testing\Lab4up\build\analysis\3f35b083a3f6\Randoop\LruCache\120\run5-seed505\class-family-v1,1444
Randoop,LruCache,com.viktor.lab4.LruCache,120,6,606,class-family,5,3786,0,0,100.0,100.0,100.0,100.0,9,9,0,0,0,,16.044,OK,,search_time,,,C:\Users\user\Documents\Polytech\Testing\Lab4up\src\generatedTest\suites\Randoop\LruCache\120\run6-seed606,C:\Users\user\Documents\Polytech\Testing\Lab4up\build\analysis\work\Randoop\LruCache\120\run6-seed606,C:\Users\user\Documents\Polytech\Testing\Lab4up\build\analysis\3f35b083a3f6\Randoop\LruCache\120\run6-seed606\class-family-v1,1893
Randoop,LruCache,com.viktor.lab4.LruCache,120,7,707,class-family,5,3618,0,0,100.0,100.0,100.0,100.0,9,9,0,0,0,,15.956,OK,,search_time,,,C:\Users\user\Documents\Polytech\Testing\Lab4up\src\generatedTest\suites\Randoop\LruCache\120\run7-seed707,C:\Users\user\Documents\Polytech\Testing\Lab4up\build\analysis\work\Randoop\LruCache\120\run7-seed707,C:\Users\user\Documents\Polytech\Testing\Lab4up\build\analysis\3f35b083a3f6\Randoop\LruCache\120\run7-seed707\class-family-v1,1809
Randoop,LruCache,com.viktor.lab4.LruCache,120,8,808,class-family,2,698,0,0,76.92,50.0,72.58,33.33,9,3,3,0,3,,10.422,OK,,search_time,,,C:\Users\user\Documents\Polytech\Testing\Lab4up\src\generatedTest\suites\Randoop\LruCache\120\run8-seed808,C:\Users\user\Documents\Polytech\Testing\Lab4up\build\analysis\work\Randoop\LruCache\120\run8-seed808,C:\Users\user\Documents\Polytech\Testing\Lab4up\build\analysis\3f35b083a3f6\Randoop\LruCache\120\run8-seed808\class-family-v1,349
Randoop,LruCache,com.viktor.lab4.LruCache,120,9,909,class-family,3,1128,0,0,76.92,50.0,72.58,33.33,9,3,3,0,3,,12.665,OK,,search_time,,,C:\Users\user\Documents\Polytech\Testing\Lab4up\src\generatedTest\suites\Randoop\LruCache\120\run9-seed909,C:\Users\user\Documents\Polytech\Testing\Lab4up\build\analysis\work\Randoop\LruCache\120\run9-seed909,C:\Users\user\Documents\Polytech\Testing\Lab4up\build\analysis\3f35b083a3f6\Randoop\LruCache\120\run9-seed909\class-family-v1,564
Randoop,LruCache,com.viktor.lab4.LruCache,120,10,10010,class-family,4,2314,0,0,100.0,100.0,100.0,100.0,9,9,0,0,0,,15.338,OK,,search_time,,,C:\Users\user\Documents\Polytech\Testing\Lab4up\src\generatedTest\suites\Randoop\LruCache\120\run10-seed10010,C:\Users\user\Documents\Polytech\Testing\Lab4up\build\analysis\work\Randoop\LruCache\120\run10-seed10010,C:\Users\user\Documents\Polytech\Testing\Lab4up\build\analysis\3f35b083a3f6\Randoop\LruCache\120\run10-seed10010\class-family-v1,1157
Randoop,PricingEngine,com.viktor.lab4.PricingEngine,120,1,101,class-family,3,1850,0,0,83.33,61.9,82.55,65.96,47,31,9,0,7,,17.98,OK,,search_time,,,C:\Users\user\Documents\Polytech\Testing\Lab4up\src\generatedTest\suites\Randoop\PricingEngine\120\run1-seed101,C:\Users\user\Documents\Polytech\Testing\Lab4up\build\analysis\work\Randoop\PricingEngine\120\run1-seed101,C:\Users\user\Documents\Polytech\Testing\Lab4up\build\analysis\3f35b083a3f6\Randoop\PricingEngine\120\run1-seed101\class-family-v1,925
Randoop,PricingEngine,com.viktor.lab4.PricingEngine,120,2,202,class-family,3,1998,0,0,87.5,66.67,86.81,68.09,47,32,8,0,7,,15.469,OK,,search_time,,,C:\Users\user\Documents\Polytech\Testing\Lab4up\src\generatedTest\suites\Randoop\PricingEngine\120\run2-seed202,C:\Users\user\Documents\Polytech\Testing\Lab4up\build\analysis\work\Randoop\PricingEngine\120\run2-seed202,C:\Users\user\Documents\Polytech\Testing\Lab4up\build\analysis\3f35b083a3f6\Randoop\PricingEngine\120\run2-seed202\class-family-v1,999
Randoop,PricingEngine,com.viktor.lab4.PricingEngine,120,3,303,class-family,4,2236,0,0,89.58,69.05,88.94,59.57,47,28,12,0,7,,17.754,OK,,search_time,,,C:\Users\user\Documents\Polytech\Testing\Lab4up\src\generatedTest\suites\Randoop\PricingEngine\120\run3-seed303,C:\Users\user\Documents\Polytech\Testing\Lab4up\build\analysis\work\Randoop\PricingEngine\120\run3-seed303,C:\Users\user\Documents\Polytech\Testing\Lab4up\build\analysis\3f35b083a3f6\Randoop\PricingEngine\120\run3-seed303\class-family-v1,1118
Randoop,PricingEngine,com.viktor.lab4.PricingEngine,120,4,404,class-family,6,4528,0,0,85.42,66.67,85.11,63.83,47,30,8,0,9,,22.904,OK,,search_time,,,C:\Users\user\Documents\Polytech\Testing\Lab4up\src\generatedTest\suites\Randoop\PricingEngine\120\run4-seed404,C:\Users\user\Documents\Polytech\Testing\Lab4up\build\analysis\work\Randoop\PricingEngine\120\run4-seed404,C:\Users\user\Documents\Polytech\Testing\Lab4up\build\analysis\3f35b083a3f6\Randoop\PricingEngine\120\run4-seed404\class-family-v1,2264
Randoop,PricingEngine,com.viktor.lab4.PricingEngine,120,5,505,class-family,6,4316,0,0,87.5,71.43,86.81,68.09,47,32,8,0,7,,21.445,OK,,search_time,,,C:\Users\user\Documents\Polytech\Testing\Lab4up\src\generatedTest\suites\Randoop\PricingEngine\120\run5-seed505,C:\Users\user\Documents\Polytech\Testing\Lab4up\build\analysis\work\Randoop\PricingEngine\120\run5-seed505,C:\Users\user\Documents\Polytech\Testing\Lab4up\build\analysis\3f35b083a3f6\Randoop\PricingEngine\120\run5-seed505\class-family-v1,2158
Randoop,PricingEngine,com.viktor.lab4.PricingEngine,120,6,606,class-family,4,2914,0,0,87.5,71.43,86.81,68.09,47,32,8,0,7,,19.434,OK,,search_time,,,C:\Users\user\Documents\Polytech\Testing\Lab4up\src\generatedTest\suites\Randoop\PricingEngine\120\run6-seed606,C:\Users\user\Documents\Polytech\Testing\Lab4up\build\analysis\work\Randoop\PricingEngine\120\run6-seed606,C:\Users\user\Documents\Polytech\Testing\Lab4up\build\analysis\3f35b083a3f6\Randoop\PricingEngine\120\run6-seed606\class-family-v1,1457
Randoop,PricingEngine,com.viktor.lab4.PricingEngine,120,7,707,class-family,5,3158,0,0,89.58,73.81,88.94,63.83,47,30,10,0,7,,19.1,OK,,search_time,,,C:\Users\user\Documents\Polytech\Testing\Lab4up\src\generatedTest\suites\Randoop\PricingEngine\120\run7-seed707,C:\Users\user\Documents\Polytech\Testing\Lab4up\build\analysis\work\Randoop\PricingEngine\120\run7-seed707,C:\Users\user\Documents\Polytech\Testing\Lab4up\build\analysis\3f35b083a3f6\Randoop\PricingEngine\120\run7-seed707\class-family-v1,1579
Randoop,PricingEngine,com.viktor.lab4.PricingEngine,120,8,808,class-family,6,4032,0,0,87.5,71.43,86.81,68.09,47,32,8,0,7,,26.949,OK,,search_time,,,C:\Users\user\Documents\Polytech\Testing\Lab4up\src\generatedTest\suites\Randoop\PricingEngine\120\run8-seed808,C:\Users\user\Documents\Polytech\Testing\Lab4up\build\analysis\work\Randoop\PricingEngine\120\run8-seed808,C:\Users\user\Documents\Polytech\Testing\Lab4up\build\analysis\3f35b083a3f6\Randoop\PricingEngine\120\run8-seed808\class-family-v1,2016
Randoop,PricingEngine,com.viktor.lab4.PricingEngine,120,9,909,class-family,7,5012,0,0,89.58,69.05,88.94,68.09,47,32,8,0,7,,21.826,OK,,search_time,,,C:\Users\user\Documents\Polytech\Testing\Lab4up\src\generatedTest\suites\Randoop\PricingEngine\120\run9-seed909,C:\Users\user\Documents\Polytech\Testing\Lab4up\build\analysis\work\Randoop\PricingEngine\120\run9-seed909,C:\Users\user\Documents\Polytech\Testing\Lab4up\build\analysis\3f35b083a3f6\Randoop\PricingEngine\120\run9-seed909\class-family-v1,2506
Randoop,PricingEngine,com.viktor.lab4.PricingEngine,120,10,10010,class-family,7,5790,0,0,89.58,73.81,88.94,68.09,47,32,8,0,7,,24.089,OK,,search_time,,,C:\Users\user\Documents\Polytech\Testing\Lab4up\src\generatedTest\suites\Randoop\PricingEngine\120\run10-seed10010,C:\Users\user\Documents\Polytech\Testing\Lab4up\build\analysis\work\Randoop\PricingEngine\120\run10-seed10010,C:\Users\user\Documents\Polytech\Testing\Lab4up\build\analysis\3f35b083a3f6\Randoop\PricingEngine\120\run10-seed10010\class-family-v1,2895
Randoop,SimpleJsonParser,com.viktor.lab4.SimpleJsonParser,120,1,101,class-family,2,8,0,0,21.43,20.55,21.93,7.94,63,5,11,0,47,,9.043,OK,,search_time,,,C:\Users\user\Documents\Polytech\Testing\Lab4up\src\generatedTest\suites\Randoop\SimpleJsonParser\120\run1-seed101,C:\Users\user\Documents\Polytech\Testing\Lab4up\build\analysis\work\Randoop\SimpleJsonParser\120\run1-seed101,C:\Users\user\Documents\Polytech\Testing\Lab4up\build\analysis\3f35b083a3f6\Randoop\SimpleJsonParser\120\run1-seed101\class-family-v1,4
Randoop,SimpleJsonParser,com.viktor.lab4.SimpleJsonParser,120,2,202,class-family,2,8,0,0,21.43,20.55,21.93,7.94,63,5,11,0,47,,9.043,OK,,search_time,,,C:\Users\user\Documents\Polytech\Testing\Lab4up\src\generatedTest\suites\Randoop\SimpleJsonParser\120\run2-seed202,C:\Users\user\Documents\Polytech\Testing\Lab4up\build\analysis\work\Randoop\SimpleJsonParser\120\run2-seed202,C:\Users\user\Documents\Polytech\Testing\Lab4up\build\analysis\3f35b083a3f6\Randoop\SimpleJsonParser\120\run2-seed202\class-family-v1,4
Randoop,SimpleJsonParser,com.viktor.lab4.SimpleJsonParser,120,3,303,class-family,2,8,0,0,21.43,20.55,21.93,7.94,63,5,11,0,47,,8.884,OK,,search_time,,,C:\Users\user\Documents\Polytech\Testing\Lab4up\src\generatedTest\suites\Randoop\SimpleJsonParser\120\run3-seed303,C:\Users\user\Documents\Polytech\Testing\Lab4up\build\analysis\work\Randoop\SimpleJsonParser\120\run3-seed303,C:\Users\user\Documents\Polytech\Testing\Lab4up\build\analysis\3f35b083a3f6\Randoop\SimpleJsonParser\120\run3-seed303\class-family-v1,4
Randoop,SimpleJsonParser,com.viktor.lab4.SimpleJsonParser,120,4,404,class-family,2,8,0,0,21.43,20.55,21.93,7.94,63,5,11,0,47,,9.553,OK,,search_time,,,C:\Users\user\Documents\Polytech\Testing\Lab4up\src\generatedTest\suites\Randoop\SimpleJsonParser\120\run4-seed404,C:\Users\user\Documents\Polytech\Testing\Lab4up\build\analysis\work\Randoop\SimpleJsonParser\120\run4-seed404,C:\Users\user\Documents\Polytech\Testing\Lab4up\build\analysis\3f35b083a3f6\Randoop\SimpleJsonParser\120\run4-seed404\class-family-v1,4
Randoop,SimpleJsonParser,com.viktor.lab4.SimpleJsonParser,120,5,505,class-family,2,8,0,0,21.43,20.55,21.93,7.94,63,5,11,0,47,,9.545,OK,,search_time,,,C:\Users\user\Documents\Polytech\Testing\Lab4up\src\generatedTest\suites\Randoop\SimpleJsonParser\120\run5-seed505,C:\Users\user\Documents\Polytech\Testing\Lab4up\build\analysis\work\Randoop\SimpleJsonParser\120\run5-seed505,C:\Users\user\Documents\Polytech\Testing\Lab4up\build\analysis\3f35b083a3f6\Randoop\SimpleJsonParser\120\run5-seed505\class-family-v1,4
Randoop,SimpleJsonParser,com.viktor.lab4.SimpleJsonParser,120,6,606,class-family,2,8,0,0,21.43,20.55,21.93,7.94,63,5,11,0,47,,9.364,OK,,search_time,,,C:\Users\user\Documents\Polytech\Testing\Lab4up\src\generatedTest\suites\Randoop\SimpleJsonParser\120\run6-seed606,C:\Users\user\Documents\Polytech\Testing\Lab4up\build\analysis\work\Randoop\SimpleJsonParser\120\run6-seed606,C:\Users\user\Documents\Polytech\Testing\Lab4up\build\analysis\3f35b083a3f6\Randoop\SimpleJsonParser\120\run6-seed606\class-family-v1,4
Randoop,SimpleJsonParser,com.viktor.lab4.SimpleJsonParser,120,7,707,class-family,2,8,0,0,21.43,20.55,21.93,7.94,63,5,11,0,47,,8.931,OK,,search_time,,,C:\Users\user\Documents\Polytech\Testing\Lab4up\src\generatedTest\suites\Randoop\SimpleJsonParser\120\run7-seed707,C:\Users\user\Documents\Polytech\Testing\Lab4up\build\analysis\work\Randoop\SimpleJsonParser\120\run7-seed707,C:\Users\user\Documents\Polytech\Testing\Lab4up\build\analysis\3f35b083a3f6\Randoop\SimpleJsonParser\120\run7-seed707\class-family-v1,4
Randoop,SimpleJsonParser,com.viktor.lab4.SimpleJsonParser,120,8,808,class-family,2,8,0,0,21.43,20.55,21.93,7.94,63,5,11,0,47,,9.59,OK,,search_time,,,C:\Users\user\Documents\Polytech\Testing\Lab4up\src\generatedTest\suites\Randoop\SimpleJsonParser\120\run8-seed808,C:\Users\user\Documents\Polytech\Testing\Lab4up\build\analysis\work\Randoop\SimpleJsonParser\120\run8-seed808,C:\Users\user\Documents\Polytech\Testing\Lab4up\build\analysis\3f35b083a3f6\Randoop\SimpleJsonParser\120\run8-seed808\class-family-v1,4
Randoop,SimpleJsonParser,com.viktor.lab4.SimpleJsonParser,120,9,909,class-family,2,8,0,0,21.43,20.55,21.93,7.94,63,5,11,0,47,,9.287,OK,,search_time,,,C:\Users\user\Documents\Polytech\Testing\Lab4up\src\generatedTest\suites\Randoop\SimpleJsonParser\120\run9-seed909,C:\Users\user\Documents\Polytech\Testing\Lab4up\build\analysis\work\Randoop\SimpleJsonParser\120\run9-seed909,C:\Users\user\Documents\Polytech\Testing\Lab4up\build\analysis\3f35b083a3f6\Randoop\SimpleJsonParser\120\run9-seed909\class-family-v1,4
Randoop,SimpleJsonParser,com.viktor.lab4.SimpleJsonParser,120,10,10010,class-family,2,8,0,0,21.43,20.55,21.93,7.94,63,5,11,0,47,,9.883,OK,,search_time,,,C:\Users\user\Documents\Polytech\Testing\Lab4up\src\generatedTest\suites\Randoop\SimpleJsonParser\120\run10-seed10010,C:\Users\user\Documents\Polytech\Testing\Lab4up\build\analysis\work\Randoop\SimpleJsonParser\120\run10-seed10010,C:\Users\user\Documents\Polytech\Testing\Lab4up\build\analysis\3f35b083a3f6\Randoop\SimpleJsonParser\120\run10-seed10010\class-family-v1,4
QwenLLM,LongestIncreasingSubsequence,com.viktor.lab4.LongestIncreasingSubsequence,1800,1,101,class-family,10,10,0,0,100.0,100.0,100.0,100.0,9,9,0,0,0,671.9982021000033,8.734,OK,,safety_ceiling,accepted_test_quota,10,C:\Users\user\Documents\Polytech\Testing\Lab4up\src\generatedTest\qwen-v4-20260908-020700-5fa27f\QwenLLM\LongestIncreasingSubsequence\1800\run1-seed101,C:\Users\user\Documents\Polytech\Testing\Lab4up\build\analysis\work\QwenLLM\LongestIncreasingSubsequence\1800\run1-seed101,C:\Users\user\Documents\Polytech\Testing\Lab4up\build\analysis\37707d96dced\QwenLLM\LongestIncreasingSubsequence\1800\run1-seed101\class-family-v1,10
QwenLLM,LongestIncreasingSubsequence,com.viktor.lab4.LongestIncreasingSubsequence,1800,2,202,class-family,10,10,0,0,100.0,90.0,100.0,88.89,9,8,1,0,0,359.77258980000624,8.516,OK,,safety_ceiling,accepted_test_quota,10,C:\Users\user\Documents\Polytech\Testing\Lab4up\src\generatedTest\qwen-v4-20260908-020700-5fa27f\QwenLLM\LongestIncreasingSubsequence\1800\run2-seed202,C:\Users\user\Documents\Polytech\Testing\Lab4up\build\analysis\work\QwenLLM\LongestIncreasingSubsequence\1800\run2-seed202,C:\Users\user\Documents\Polytech\Testing\Lab4up\build\analysis\37707d96dced\QwenLLM\LongestIncreasingSubsequence\1800\run2-seed202\class-family-v1,10
QwenLLM,LongestIncreasingSubsequence,com.viktor.lab4.LongestIncreasingSubsequence,1800,3,303,class-family,10,10,0,0,100.0,100.0,100.0,100.0,9,9,0,0,0,407.17883949997486,8.593,OK,,safety_ceiling,accepted_test_quota,10,C:\Users\user\Documents\Polytech\Testing\Lab4up\src\generatedTest\qwen-v4-20260908-020700-5fa27f\QwenLLM\LongestIncreasingSubsequence\1800\run3-seed303,C:\Users\user\Documents\Polytech\Testing\Lab4up\build\analysis\work\QwenLLM\LongestIncreasingSubsequence\1800\run3-seed303,C:\Users\user\Documents\Polytech\Testing\Lab4up\build\analysis\37707d96dced\QwenLLM\LongestIncreasingSubsequence\1800\run3-seed303\class-family-v1,10
QwenLLM,LongestIncreasingSubsequence,com.viktor.lab4.LongestIncreasingSubsequence,1800,4,404,class-family,10,10,0,0,100.0,100.0,100.0,100.0,9,9,0,0,0,205.67691179999383,9.201,OK,,safety_ceiling,accepted_test_quota,10,C:\Users\user\Documents\Polytech\Testing\Lab4up\src\generatedTest\qwen-v4-20260908-020700-5fa27f\QwenLLM\LongestIncreasingSubsequence\1800\run4-seed404,C:\Users\user\Documents\Polytech\Testing\Lab4up\build\analysis\work\QwenLLM\LongestIncreasingSubsequence\1800\run4-seed404,C:\Users\user\Documents\Polytech\Testing\Lab4up\build\analysis\37707d96dced\QwenLLM\LongestIncreasingSubsequence\1800\run4-seed404\class-family-v1,10
QwenLLM,LongestIncreasingSubsequence,com.viktor.lab4.LongestIncreasingSubsequence,1800,5,505,class-family,10,10,0,0,100.0,90.0,100.0,88.89,9,8,1,0,0,182.0215213999909,8.989,OK,,safety_ceiling,accepted_test_quota,10,C:\Users\user\Documents\Polytech\Testing\Lab4up\src\generatedTest\qwen-v4-20260908-020700-5fa27f\QwenLLM\LongestIncreasingSubsequence\1800\run5-seed505,C:\Users\user\Documents\Polytech\Testing\Lab4up\build\analysis\work\QwenLLM\LongestIncreasingSubsequence\1800\run5-seed505,C:\Users\user\Documents\Polytech\Testing\Lab4up\build\analysis\37707d96dced\QwenLLM\LongestIncreasingSubsequence\1800\run5-seed505\class-family-v1,10
QwenLLM,LongestIncreasingSubsequence,com.viktor.lab4.LongestIncreasingSubsequence,1800,6,606,class-family,10,10,0,0,100.0,90.0,100.0,88.89,9,8,1,0,0,233.3964874999947,8.932,OK,,safety_ceiling,accepted_test_quota,10,C:\Users\user\Documents\Polytech\Testing\Lab4up\src\generatedTest\qwen-v4-20260908-020700-5fa27f\QwenLLM\LongestIncreasingSubsequence\1800\run6-seed606,C:\Users\user\Documents\Polytech\Testing\Lab4up\build\analysis\work\QwenLLM\LongestIncreasingSubsequence\1800\run6-seed606,C:\Users\user\Documents\Polytech\Testing\Lab4up\build\analysis\37707d96dced\QwenLLM\LongestIncreasingSubsequence\1800\run6-seed606\class-family-v1,10
QwenLLM,LongestIncreasingSubsequence,com.viktor.lab4.LongestIncreasingSubsequence,1800,7,707,class-family,10,10,0,0,100.0,90.0,100.0,88.89,9,8,1,0,0,152.4991197999916,9.25,OK,,safety_ceiling,accepted_test_quota,10,C:\Users\user\Documents\Polytech\Testing\Lab4up\src\generatedTest\qwen-v4-20260908-020700-5fa27f\QwenLLM\LongestIncreasingSubsequence\1800\run7-seed707,C:\Users\user\Documents\Polytech\Testing\Lab4up\build\analysis\work\QwenLLM\LongestIncreasingSubsequence\1800\run7-seed707,C:\Users\user\Documents\Polytech\Testing\Lab4up\build\analysis\37707d96dced\QwenLLM\LongestIncreasingSubsequence\1800\run7-seed707\class-family-v1,10
QwenLLM,LongestIncreasingSubsequence,com.viktor.lab4.LongestIncreasingSubsequence,1800,8,808,class-family,10,10,0,0,100.0,90.0,100.0,88.89,9,8,1,0,0,389.70817679999163,8.984,OK,,safety_ceiling,accepted_test_quota,10,C:\Users\user\Documents\Polytech\Testing\Lab4up\src\generatedTest\qwen-v4-20260908-020700-5fa27f\QwenLLM\LongestIncreasingSubsequence\1800\run8-seed808,C:\Users\user\Documents\Polytech\Testing\Lab4up\build\analysis\work\QwenLLM\LongestIncreasingSubsequence\1800\run8-seed808,C:\Users\user\Documents\Polytech\Testing\Lab4up\build\analysis\37707d96dced\QwenLLM\LongestIncreasingSubsequence\1800\run8-seed808\class-family-v1,10
QwenLLM,LongestIncreasingSubsequence,com.viktor.lab4.LongestIncreasingSubsequence,1800,9,909,class-family,10,10,0,0,100.0,100.0,100.0,100.0,9,9,0,0,0,609.6881413999945,9.271,OK,,safety_ceiling,accepted_test_quota,10,C:\Users\user\Documents\Polytech\Testing\Lab4up\src\generatedTest\qwen-v4-20260908-020700-5fa27f\QwenLLM\LongestIncreasingSubsequence\1800\run9-seed909,C:\Users\user\Documents\Polytech\Testing\Lab4up\build\analysis\work\QwenLLM\LongestIncreasingSubsequence\1800\run9-seed909,C:\Users\user\Documents\Polytech\Testing\Lab4up\build\analysis\37707d96dced\QwenLLM\LongestIncreasingSubsequence\1800\run9-seed909\class-family-v1,10
QwenLLM,LongestIncreasingSubsequence,com.viktor.lab4.LongestIncreasingSubsequence,1800,10,10010,class-family,10,10,0,0,100.0,90.0,100.0,88.89,9,8,1,0,0,570.9229513000173,9.108,OK,,safety_ceiling,accepted_test_quota,10,C:\Users\user\Documents\Polytech\Testing\Lab4up\src\generatedTest\qwen-v4-20260908-020700-5fa27f\QwenLLM\LongestIncreasingSubsequence\1800\run10-seed10010,C:\Users\user\Documents\Polytech\Testing\Lab4up\build\analysis\work\QwenLLM\LongestIncreasingSubsequence\1800\run10-seed10010,C:\Users\user\Documents\Polytech\Testing\Lab4up\build\analysis\37707d96dced\QwenLLM\LongestIncreasingSubsequence\1800\run10-seed10010\class-family-v1,10
QwenLLM,LruCache,com.viktor.lab4.LruCache,1800,1,101,class-family,10,10,0,0,92.31,75.0,91.94,88.89,9,8,1,0,0,793.4026442000031,9.011,OK,,safety_ceiling,accepted_test_quota,10,C:\Users\user\Documents\Polytech\Testing\Lab4up\src\generatedTest\qwen-v4-20260908-020700-5fa27f\QwenLLM\LruCache\1800\run1-seed101,C:\Users\user\Documents\Polytech\Testing\Lab4up\build\analysis\work\QwenLLM\LruCache\1800\run1-seed101,C:\Users\user\Documents\Polytech\Testing\Lab4up\build\analysis\37707d96dced\QwenLLM\LruCache\1800\run1-seed101\class-family-v1,10
QwenLLM,LruCache,com.viktor.lab4.LruCache,1800,2,202,class-family,10,10,0,0,100.0,100.0,100.0,100.0,9,9,0,0,0,1284.0786980999983,8.908,OK,,safety_ceiling,accepted_test_quota,10,C:\Users\user\Documents\Polytech\Testing\Lab4up\src\generatedTest\qwen-v4-20260908-020700-5fa27f\QwenLLM\LruCache\1800\run2-seed202,C:\Users\user\Documents\Polytech\Testing\Lab4up\build\analysis\work\QwenLLM\LruCache\1800\run2-seed202,C:\Users\user\Documents\Polytech\Testing\Lab4up\build\analysis\37707d96dced\QwenLLM\LruCache\1800\run2-seed202\class-family-v1,10
QwenLLM,LruCache,com.viktor.lab4.LruCache,1800,3,303,class-family,8,8,0,0,100.0,100.0,100.0,88.89,9,8,1,0,0,1800.006055100006,8.91,OK,,safety_ceiling,time_limit,10,C:\Users\user\Documents\Polytech\Testing\Lab4up\src\generatedTest\qwen-v4-20260908-020700-5fa27f\QwenLLM\LruCache\1800\run3-seed303,C:\Users\user\Documents\Polytech\Testing\Lab4up\build\analysis\work\QwenLLM\LruCache\1800\run3-seed303,C:\Users\user\Documents\Polytech\Testing\Lab4up\build\analysis\37707d96dced\QwenLLM\LruCache\1800\run3-seed303\class-family-v1,8
QwenLLM,LruCache,com.viktor.lab4.LruCache,1800,4,404,class-family,10,10,0,0,100.0,100.0,100.0,100.0,9,9,0,0,0,1072.5711405000184,9.348,OK,,safety_ceiling,accepted_test_quota,10,C:\Users\user\Documents\Polytech\Testing\Lab4up\src\generatedTest\qwen-v4-20260908-020700-5fa27f\QwenLLM\LruCache\1800\run4-seed404,C:\Users\user\Documents\Polytech\Testing\Lab4up\build\analysis\work\QwenLLM\LruCache\1800\run4-seed404,C:\Users\user\Documents\Polytech\Testing\Lab4up\build\analysis\37707d96dced\QwenLLM\LruCache\1800\run4-seed404\class-family-v1,10
QwenLLM,LruCache,com.viktor.lab4.LruCache,1800,5,505,class-family,10,10,0,0,100.0,100.0,100.0,100.0,9,9,0,0,0,779.3853021999821,9.426,OK,,safety_ceiling,accepted_test_quota,10,C:\Users\user\Documents\Polytech\Testing\Lab4up\src\generatedTest\qwen-v4-20260908-020700-5fa27f\QwenLLM\LruCache\1800\run5-seed505,C:\Users\user\Documents\Polytech\Testing\Lab4up\build\analysis\work\QwenLLM\LruCache\1800\run5-seed505,C:\Users\user\Documents\Polytech\Testing\Lab4up\build\analysis\37707d96dced\QwenLLM\LruCache\1800\run5-seed505\class-family-v1,10
QwenLLM,LruCache,com.viktor.lab4.LruCache,1800,6,606,class-family,10,10,0,0,100.0,100.0,100.0,100.0,9,9,0,0,0,1401.9045578000078,9.386,OK,,safety_ceiling,accepted_test_quota,10,C:\Users\user\Documents\Polytech\Testing\Lab4up\src\generatedTest\qwen-v4-20260908-020700-5fa27f\QwenLLM\LruCache\1800\run6-seed606,C:\Users\user\Documents\Polytech\Testing\Lab4up\build\analysis\work\QwenLLM\LruCache\1800\run6-seed606,C:\Users\user\Documents\Polytech\Testing\Lab4up\build\analysis\37707d96dced\QwenLLM\LruCache\1800\run6-seed606\class-family-v1,10
QwenLLM,LruCache,com.viktor.lab4.LruCache,1800,7,707,class-family,10,10,0,0,100.0,100.0,100.0,100.0,9,9,0,0,0,488.42782760001137,9.342,OK,,safety_ceiling,accepted_test_quota,10,C:\Users\user\Documents\Polytech\Testing\Lab4up\src\generatedTest\qwen-v4-20260908-020700-5fa27f\QwenLLM\LruCache\1800\run7-seed707,C:\Users\user\Documents\Polytech\Testing\Lab4up\build\analysis\work\QwenLLM\LruCache\1800\run7-seed707,C:\Users\user\Documents\Polytech\Testing\Lab4up\build\analysis\37707d96dced\QwenLLM\LruCache\1800\run7-seed707\class-family-v1,10
QwenLLM,LruCache,com.viktor.lab4.LruCache,1800,8,808,class-family,10,10,0,0,100.0,100.0,100.0,100.0,9,9,0,0,0,1397.5859814000141,9.619,OK,,safety_ceiling,accepted_test_quota,10,C:\Users\user\Documents\Polytech\Testing\Lab4up\src\generatedTest\qwen-v4-20260908-020700-5fa27f\QwenLLM\LruCache\1800\run8-seed808,C:\Users\user\Documents\Polytech\Testing\Lab4up\build\analysis\work\QwenLLM\LruCache\1800\run8-seed808,C:\Users\user\Documents\Polytech\Testing\Lab4up\build\analysis\37707d96dced\QwenLLM\LruCache\1800\run8-seed808\class-family-v1,10
QwenLLM,LruCache,com.viktor.lab4.LruCache,1800,9,909,class-family,10,10,0,0,100.0,100.0,100.0,100.0,9,9,0,0,0,648.1657903000014,9.465,OK,,safety_ceiling,accepted_test_quota,10,C:\Users\user\Documents\Polytech\Testing\Lab4up\src\generatedTest\qwen-v4-20260908-020700-5fa27f\QwenLLM\LruCache\1800\run9-seed909,C:\Users\user\Documents\Polytech\Testing\Lab4up\build\analysis\work\QwenLLM\LruCache\1800\run9-seed909,C:\Users\user\Documents\Polytech\Testing\Lab4up\build\analysis\37707d96dced\QwenLLM\LruCache\1800\run9-seed909\class-family-v1,10
QwenLLM,LruCache,com.viktor.lab4.LruCache,1800,10,10010,class-family,10,10,0,0,100.0,100.0,100.0,88.89,9,8,1,0,0,1382.9095071000047,9.735,OK,,safety_ceiling,accepted_test_quota,10,C:\Users\user\Documents\Polytech\Testing\Lab4up\src\generatedTest\qwen-v4-20260908-020700-5fa27f\QwenLLM\LruCache\1800\run10-seed10010,C:\Users\user\Documents\Polytech\Testing\Lab4up\build\analysis\work\QwenLLM\LruCache\1800\run10-seed10010,C:\Users\user\Documents\Polytech\Testing\Lab4up\build\analysis\37707d96dced\QwenLLM\LruCache\1800\run10-seed10010\class-family-v1,10
QwenLLM,PricingEngine,com.viktor.lab4.PricingEngine,1800,1,101,class-family,5,5,0,0,75.0,50.0,77.87,61.7,47,29,7,0,11,1800.032298799997,8.696,OK,,safety_ceiling,time_limit,10,C:\Users\user\Documents\Polytech\Testing\Lab4up\src\generatedTest\qwen-v4-20260908-020700-5fa27f\QwenLLM\PricingEngine\1800\run1-seed101,C:\Users\user\Documents\Polytech\Testing\Lab4up\build\analysis\work\QwenLLM\PricingEngine\1800\run1-seed101,C:\Users\user\Documents\Polytech\Testing\Lab4up\build\analysis\37707d96dced\QwenLLM\PricingEngine\1800\run1-seed101\class-family-v1,5
QwenLLM,PricingEngine,com.viktor.lab4.PricingEngine,1800,2,202,class-family,5,5,0,0,68.75,42.86,72.77,57.45,47,27,6,0,14,1800.0025147999986,8.884,OK,,safety_ceiling,time_limit,10,C:\Users\user\Documents\Polytech\Testing\Lab4up\src\generatedTest\qwen-v4-20260908-020700-5fa27f\QwenLLM\PricingEngine\1800\run2-seed202,C:\Users\user\Documents\Polytech\Testing\Lab4up\build\analysis\work\QwenLLM\PricingEngine\1800\run2-seed202,C:\Users\user\Documents\Polytech\Testing\Lab4up\build\analysis\37707d96dced\QwenLLM\PricingEngine\1800\run2-seed202\class-family-v1,5
QwenLLM,PricingEngine,com.viktor.lab4.PricingEngine,1800,3,303,class-family,7,7,0,0,70.83,47.62,74.47,59.57,47,28,6,0,13,1800.0222661000153,8.944,OK,,safety_ceiling,time_limit,10,C:\Users\user\Documents\Polytech\Testing\Lab4up\src\generatedTest\qwen-v4-20260908-020700-5fa27f\QwenLLM\PricingEngine\1800\run3-seed303,C:\Users\user\Documents\Polytech\Testing\Lab4up\build\analysis\work\QwenLLM\PricingEngine\1800\run3-seed303,C:\Users\user\Documents\Polytech\Testing\Lab4up\build\analysis\37707d96dced\QwenLLM\PricingEngine\1800\run3-seed303\class-family-v1,7
QwenLLM,PricingEngine,com.viktor.lab4.PricingEngine,1800,4,404,class-family,3,3,0,0,6.25,2.38,4.26,2.13,47,1,0,0,46,1800.0045395999914,9.037,OK,,safety_ceiling,time_limit,10,C:\Users\user\Documents\Polytech\Testing\Lab4up\src\generatedTest\qwen-v4-20260908-020700-5fa27f\QwenLLM\PricingEngine\1800\run4-seed404,C:\Users\user\Documents\Polytech\Testing\Lab4up\build\analysis\work\QwenLLM\PricingEngine\1800\run4-seed404,C:\Users\user\Documents\Polytech\Testing\Lab4up\build\analysis\37707d96dced\QwenLLM\PricingEngine\1800\run4-seed404\class-family-v1,3
QwenLLM,PricingEngine,com.viktor.lab4.PricingEngine,1800,5,505,class-family,1,1,0,0,64.58,35.71,68.09,57.45,47,27,7,0,13,1800.0055850000062,9.297,OK,,safety_ceiling,time_limit,10,C:\Users\user\Documents\Polytech\Testing\Lab4up\src\generatedTest\qwen-v4-20260908-020700-5fa27f\QwenLLM\PricingEngine\1800\run5-seed505,C:\Users\user\Documents\Polytech\Testing\Lab4up\build\analysis\work\QwenLLM\PricingEngine\1800\run5-seed505,C:\Users\user\Documents\Polytech\Testing\Lab4up\build\analysis\37707d96dced\QwenLLM\PricingEngine\1800\run5-seed505\class-family-v1,1
QwenLLM,PricingEngine,com.viktor.lab4.PricingEngine,1800,6,606,class-family,5,5,0,0,72.92,45.24,76.17,55.32,47,26,9,0,12,1800.04513340001,9.294,OK,,safety_ceiling,time_limit,10,C:\Users\user\Documents\Polytech\Testing\Lab4up\src\generatedTest\qwen-v4-20260908-020700-5fa27f\QwenLLM\PricingEngine\1800\run6-seed606,C:\Users\user\Documents\Polytech\Testing\Lab4up\build\analysis\work\QwenLLM\PricingEngine\1800\run6-seed606,C:\Users\user\Documents\Polytech\Testing\Lab4up\build\analysis\37707d96dced\QwenLLM\PricingEngine\1800\run6-seed606\class-family-v1,5
QwenLLM,PricingEngine,com.viktor.lab4.PricingEngine,1800,7,707,class-family,8,8,0,0,72.92,50.0,75.74,65.96,47,31,5,0,11,1800.0080460000027,9.424,OK,,safety_ceiling,time_limit,10,C:\Users\user\Documents\Polytech\Testing\Lab4up\src\generatedTest\qwen-v4-20260908-020700-5fa27f\QwenLLM\PricingEngine\1800\run7-seed707,C:\Users\user\Documents\Polytech\Testing\Lab4up\build\analysis\work\QwenLLM\PricingEngine\1800\run7-seed707,C:\Users\user\Documents\Polytech\Testing\Lab4up\build\analysis\37707d96dced\QwenLLM\PricingEngine\1800\run7-seed707\class-family-v1,8
QwenLLM,PricingEngine,com.viktor.lab4.PricingEngine,1800,8,808,class-family,3,3,0,0,72.92,47.62,75.32,61.7,47,29,8,0,10,1800.012281000003,9.4,OK,,safety_ceiling,time_limit,10,C:\Users\user\Documents\Polytech\Testing\Lab4up\src\generatedTest\qwen-v4-20260908-020700-5fa27f\QwenLLM\PricingEngine\1800\run8-seed808,C:\Users\user\Documents\Polytech\Testing\Lab4up\build\analysis\work\QwenLLM\PricingEngine\1800\run8-seed808,C:\Users\user\Documents\Polytech\Testing\Lab4up\build\analysis\37707d96dced\QwenLLM\PricingEngine\1800\run8-seed808\class-family-v1,3
QwenLLM,PricingEngine,com.viktor.lab4.PricingEngine,1800,9,909,class-family,6,6,0,0,68.75,42.86,71.91,57.45,47,27,8,0,12,1800.0049618000048,9.384,OK,,safety_ceiling,time_limit,10,C:\Users\user\Documents\Polytech\Testing\Lab4up\src\generatedTest\qwen-v4-20260908-020700-5fa27f\QwenLLM\PricingEngine\1800\run9-seed909,C:\Users\user\Documents\Polytech\Testing\Lab4up\build\analysis\work\QwenLLM\PricingEngine\1800\run9-seed909,C:\Users\user\Documents\Polytech\Testing\Lab4up\build\analysis\37707d96dced\QwenLLM\PricingEngine\1800\run9-seed909\class-family-v1,6
QwenLLM,PricingEngine,com.viktor.lab4.PricingEngine,1800,10,10010,class-family,6,6,0,0,72.92,50.0,76.17,65.96,47,31,4,0,12,1800.0424433000153,9.279,OK,,safety_ceiling,time_limit,10,C:\Users\user\Documents\Polytech\Testing\Lab4up\src\generatedTest\qwen-v4-20260908-020700-5fa27f\QwenLLM\PricingEngine\1800\run10-seed10010,C:\Users\user\Documents\Polytech\Testing\Lab4up\build\analysis\work\QwenLLM\PricingEngine\1800\run10-seed10010,C:\Users\user\Documents\Polytech\Testing\Lab4up\build\analysis\37707d96dced\QwenLLM\PricingEngine\1800\run10-seed10010\class-family-v1,6
QwenLLM,SimpleJsonParser,com.viktor.lab4.SimpleJsonParser,1800,1,101,class-family,4,4,0,0,53.06,45.21,52.29,61.9,63,39,4,0,20,1800.0198664000054,9.031,OK,,safety_ceiling,time_limit,10,C:\Users\user\Documents\Polytech\Testing\Lab4up\src\generatedTest\qwen-v4-20260908-020700-5fa27f\QwenLLM\SimpleJsonParser\1800\run1-seed101,C:\Users\user\Documents\Polytech\Testing\Lab4up\build\analysis\work\QwenLLM\SimpleJsonParser\1800\run1-seed101,C:\Users\user\Documents\Polytech\Testing\Lab4up\build\analysis\37707d96dced\QwenLLM\SimpleJsonParser\1800\run1-seed101\class-family-v1,4
QwenLLM,SimpleJsonParser,com.viktor.lab4.SimpleJsonParser,1800,2,202,class-family,4,4,0,0,34.69,26.03,32.53,36.51,63,23,2,0,38,1800.0128966000048,8.907,OK,,safety_ceiling,time_limit,10,C:\Users\user\Documents\Polytech\Testing\Lab4up\src\generatedTest\qwen-v4-20260908-020700-5fa27f\QwenLLM\SimpleJsonParser\1800\run2-seed202,C:\Users\user\Documents\Polytech\Testing\Lab4up\build\analysis\work\QwenLLM\SimpleJsonParser\1800\run2-seed202,C:\Users\user\Documents\Polytech\Testing\Lab4up\build\analysis\37707d96dced\QwenLLM\SimpleJsonParser\1800\run2-seed202\class-family-v1,4
QwenLLM,SimpleJsonParser,com.viktor.lab4.SimpleJsonParser,1800,3,303,class-family,6,6,0,0,53.06,45.21,52.29,63.49,63,40,3,0,20,1800.0449408999993,9.382,OK,,safety_ceiling,time_limit,10,C:\Users\user\Documents\Polytech\Testing\Lab4up\src\generatedTest\qwen-v4-20260908-020700-5fa27f\QwenLLM\SimpleJsonParser\1800\run3-seed303,C:\Users\user\Documents\Polytech\Testing\Lab4up\build\analysis\work\QwenLLM\SimpleJsonParser\1800\run3-seed303,C:\Users\user\Documents\Polytech\Testing\Lab4up\build\analysis\37707d96dced\QwenLLM\SimpleJsonParser\1800\run3-seed303\class-family-v1,6
QwenLLM,SimpleJsonParser,com.viktor.lab4.SimpleJsonParser,1800,4,404,class-family,0,0,0,0,,,,,,,,,,1800.0454902999918,0,EMPTY,No candidate passed validation within budget,safety_ceiling,time_limit,10,C:\Users\user\Documents\Polytech\Testing\Lab4up\src\generatedTest\qwen-v4-20260908-020700-5fa27f\QwenLLM\SimpleJsonParser\1800\run4-seed404,,,0
QwenLLM,SimpleJsonParser,com.viktor.lab4.SimpleJsonParser,1800,5,505,class-family,8,8,0,0,55.1,46.58,55.18,63.49,63,40,4,0,19,1800.0074885999784,9.657,OK,,safety_ceiling,time_limit,10,C:\Users\user\Documents\Polytech\Testing\Lab4up\src\generatedTest\qwen-v4-20260908-020700-5fa27f\QwenLLM\SimpleJsonParser\1800\run5-seed505,C:\Users\user\Documents\Polytech\Testing\Lab4up\build\analysis\work\QwenLLM\SimpleJsonParser\1800\run5-seed505,C:\Users\user\Documents\Polytech\Testing\Lab4up\build\analysis\37707d96dced\QwenLLM\SimpleJsonParser\1800\run5-seed505\class-family-v1,8
QwenLLM,SimpleJsonParser,com.viktor.lab4.SimpleJsonParser,1800,6,606,class-family,10,10,0,0,53.06,46.58,52.29,61.9,63,39,4,0,20,1698.8139392000157,9.642,OK,,safety_ceiling,accepted_test_quota,10,C:\Users\user\Documents\Polytech\Testing\Lab4up\src\generatedTest\qwen-v4-20260908-020700-5fa27f\QwenLLM\SimpleJsonParser\1800\run6-seed606,C:\Users\user\Documents\Polytech\Testing\Lab4up\build\analysis\work\QwenLLM\SimpleJsonParser\1800\run6-seed606,C:\Users\user\Documents\Polytech\Testing\Lab4up\build\analysis\37707d96dced\QwenLLM\SimpleJsonParser\1800\run6-seed606\class-family-v1,10
QwenLLM,SimpleJsonParser,com.viktor.lab4.SimpleJsonParser,1800,7,707,class-family,10,10,0,0,58.16,49.32,57.59,66.67,63,42,3,0,18,1459.0200255999807,11.048,OK,,safety_ceiling,accepted_test_quota,10,C:\Users\user\Documents\Polytech\Testing\Lab4up\src\generatedTest\qwen-v4-20260908-020700-5fa27f\QwenLLM\SimpleJsonParser\1800\run7-seed707,C:\Users\user\Documents\Polytech\Testing\Lab4up\build\analysis\work\QwenLLM\SimpleJsonParser\1800\run7-seed707,C:\Users\user\Documents\Polytech\Testing\Lab4up\build\analysis\37707d96dced\QwenLLM\SimpleJsonParser\1800\run7-seed707\class-family-v1,10
QwenLLM,SimpleJsonParser,com.viktor.lab4.SimpleJsonParser,1800,8,808,class-family,4,4,0,0,43.88,31.51,41.2,47.62,63,30,4,0,29,1800.0126744000008,9.506,OK,,safety_ceiling,time_limit,10,C:\Users\user\Documents\Polytech\Testing\Lab4up\src\generatedTest\qwen-v4-20260908-020700-5fa27f\QwenLLM\SimpleJsonParser\1800\run8-seed808,C:\Users\user\Documents\Polytech\Testing\Lab4up\build\analysis\work\QwenLLM\SimpleJsonParser\1800\run8-seed808,C:\Users\user\Documents\Polytech\Testing\Lab4up\build\analysis\37707d96dced\QwenLLM\SimpleJsonParser\1800\run8-seed808\class-family-v1,4
QwenLLM,SimpleJsonParser,com.viktor.lab4.SimpleJsonParser,1800,9,909,class-family,3,3,0,0,37.76,32.88,36.14,41.27,63,26,4,0,33,1800.0128551999805,9.543,OK,,safety_ceiling,time_limit,10,C:\Users\user\Documents\Polytech\Testing\Lab4up\src\generatedTest\qwen-v4-20260908-020700-5fa27f\QwenLLM\SimpleJsonParser\1800\run9-seed909,C:\Users\user\Documents\Polytech\Testing\Lab4up\build\analysis\work\QwenLLM\SimpleJsonParser\1800\run9-seed909,C:\Users\user\Documents\Polytech\Testing\Lab4up\build\analysis\37707d96dced\QwenLLM\SimpleJsonParser\1800\run9-seed909\class-family-v1,3
QwenLLM,SimpleJsonParser,com.viktor.lab4.SimpleJsonParser,1800,10,10010,class-family,2,2,0,0,34.69,26.03,32.53,36.51,63,23,2,0,38,1800.0065082999936,9.752,OK,,safety_ceiling,time_limit,10,C:\Users\user\Documents\Polytech\Testing\Lab4up\src\generatedTest\qwen-v4-20260908-020700-5fa27f\QwenLLM\SimpleJsonParser\1800\run10-seed10010,C:\Users\user\Documents\Polytech\Testing\Lab4up\build\analysis\work\QwenLLM\SimpleJsonParser\1800\run10-seed10010,C:\Users\user\Documents\Polytech\Testing\Lab4up\build\analysis\37707d96dced\QwenLLM\SimpleJsonParser\1800\run10-seed10010\class-family-v1,2
