program_class,generation_time_sec,run,total_lines,covered_by_any,shared_lines,evosuite_exclusive,randoop_exclusive
LongestIncreasingSubsequence,30,1,15,15,15,0,0
LongestIncreasingSubsequence,30,2,15,15,14,1,0
LongestIncreasingSubsequence,30,3,15,15,14,1,0
LongestIncreasingSubsequence,30,4,15,15,15,0,0
LongestIncreasingSubsequence,30,5,15,15,15,0,0
LongestIncreasingSubsequence,30,6,15,15,15,0,0
LongestIncreasingSubsequence,30,7,15,15,15,0,0
LongestIncreasingSubsequence,30,8,15,15,15,0,0
LongestIncreasingSubsequence,30,9,15,15,15,0,0
LongestIncreasingSubsequence,30,10,15,15,15,0,0
LongestIncreasingSubsequence,60,1,15,15,15,0,0
LongestIncreasingSubsequence,60,2,15,15,15,0,0
LongestIncreasingSubsequence,60,3,15,15,15,0,0
LongestIncreasingSubsequence,60,4,15,15,15,0,0
LongestIncreasingSubsequence,60,5,15,15,15,0,0
LongestIncreasingSubsequence,60,6,15,15,15,0,0
LongestIncreasingSubsequence,60,7,15,15,15,0,0
LongestIncreasingSubsequence,60,8,15,15,15,0,0
LongestIncreasingSubsequence,60,9,15,15,15,0,0
LongestIncreasingSubsequence,60,10,15,15,15,0,0
LongestIncreasingSubsequence,120,1,15,15,15,0,0
LongestIncreasingSubsequence,120,2,15,15,15,0,0
LongestIncreasingSubsequence,120,3,15,15,15,0,0
LongestIncreasingSubsequence,120,4,15,15,15,0,0
LongestIncreasingSubsequence,120,5,15,15,15,0,0
LongestIncreasingSubsequence,120,6,15,15,15,0,0
LongestIncreasingSubsequence,120,7,15,15,15,0,0
LongestIncreasingSubsequence,120,8,15,15,15,0,0
LongestIncreasingSubsequence,120,9,15,15,15,0,0
LongestIncreasingSubsequence,120,10,15,15,15,0,0
LruCache,30,1,11,11,11,0,0
LruCache,30,2,11,11,11,0,0
LruCache,30,3,11,11,9,2,0
LruCache,30,4,11,11,11,0,0
LruCache,30,5,11,11,11,0,0
LruCache,30,6,11,11,11,0,0
LruCache,30,7,11,11,11,0,0
LruCache,30,8,11,11,8,3,0
LruCache,30,9,11,11,9,2,0
LruCache,30,10,11,11,11,0,0
LruCache,60,1,11,11,11,0,0
LruCache,60,2,11,11,11,0,0
LruCache,60,3,11,11,9,2,0
LruCache,60,4,11,11,11,0,0
LruCache,60,5,11,11,11,0,0
LruCache,60,6,11,11,11,0,0
LruCache,60,7,11,11,11,0,0
LruCache,60,8,11,11,8,3,0
LruCache,60,9,11,11,9,2,0
LruCache,60,10,11,11,11,0,0
LruCache,120,1,11,11,11,0,0
LruCache,120,2,11,11,11,0,0
LruCache,120,3,11,11,9,2,0
LruCache,120,4,11,11,11,0,0
LruCache,120,5,11,11,11,0,0
LruCache,120,6,11,11,11,0,0
LruCache,120,7,11,11,11,0,0
LruCache,120,8,11,11,9,2,0
LruCache,120,9,11,11,9,2,0
LruCache,120,10,11,11,11,0,0
PricingEngine,30,1,44,43,32,11,0
PricingEngine,30,2,44,43,37,6,0
PricingEngine,30,3,44,43,29,14,0
PricingEngine,30,4,44,43,34,9,0
PricingEngine,30,5,44,43,37,6,0
PricingEngine,30,6,44,43,38,5,0
PricingEngine,30,7,44,42,37,5,0
PricingEngine,30,8,44,43,38,5,0
PricingEngine,30,9,44,43,35,8,0
PricingEngine,30,10,44,43,39,4,0
PricingEngine,60,1,44,43,36,7,0
PricingEngine,60,2,44,43,37,6,0
PricingEngine,60,3,44,43,35,8,0
PricingEngine,60,4,44,43,35,8,0
PricingEngine,60,5,44,43,37,6,0
PricingEngine,60,6,44,43,38,5,0
PricingEngine,60,7,44,43,39,4,0
PricingEngine,60,8,44,42,38,4,0
PricingEngine,60,9,44,43,38,5,0
PricingEngine,60,10,44,43,39,4,0
PricingEngine,120,1,44,43,36,7,0
PricingEngine,120,2,44,43,38,5,0
PricingEngine,120,3,44,43,39,4,0
PricingEngine,120,4,44,43,37,6,0
PricingEngine,120,5,44,43,38,5,0
PricingEngine,120,6,44,43,38,5,0
PricingEngine,120,7,44,43,39,4,0
PricingEngine,120,8,44,43,38,5,0
PricingEngine,120,9,44,43,39,4,0
PricingEngine,120,10,44,43,39,4,0
SimpleJsonParser,30,1,9,9,3,6,0
SimpleJsonParser,30,2,9,9,3,6,0
SimpleJsonParser,30,3,9,9,3,6,0
SimpleJsonParser,30,4,9,9,3,6,0
SimpleJsonParser,30,5,9,9,3,6,0
SimpleJsonParser,30,6,9,9,3,6,0
SimpleJsonParser,30,7,9,9,3,6,0
SimpleJsonParser,30,8,9,9,3,6,0
SimpleJsonParser,30,9,9,9,3,6,0
SimpleJsonParser,30,10,9,9,3,6,0
SimpleJsonParser,60,1,9,9,3,6,0
SimpleJsonParser,60,2,9,9,3,6,0
SimpleJsonParser,60,3,9,9,3,6,0
SimpleJsonParser,60,4,9,9,3,6,0
SimpleJsonParser,60,5,9,9,3,6,0
SimpleJsonParser,60,6,9,9,3,6,0
SimpleJsonParser,60,7,9,9,3,6,0
SimpleJsonParser,60,8,9,9,3,6,0
SimpleJsonParser,60,9,9,9,3,6,0
SimpleJsonParser,60,10,9,9,3,6,0
SimpleJsonParser,120,1,9,9,3,6,0
SimpleJsonParser,120,2,9,9,3,6,0
SimpleJsonParser,120,3,9,9,3,6,0
SimpleJsonParser,120,4,9,9,3,6,0
SimpleJsonParser,120,5,9,9,3,6,0
SimpleJsonParser,120,6,9,9,3,6,0
SimpleJsonParser,120,7,9,9,3,6,0
SimpleJsonParser,120,8,9,9,3,6,0
SimpleJsonParser,120,9,9,9,3,6,0
SimpleJsonParser,120,10,9,9,3,6,0
