program_class,generation_time_sec,run,evosuite_tests,randoop_tests,mean_max_jaccard,mean_max_dice
LongestIncreasingSubsequence,30,1,4,529,0.9,0.9375
LongestIncreasingSubsequence,30,2,4,532,0.6458333333333334,0.725
LongestIncreasingSubsequence,30,3,3,620,0.7999999999999999,0.8571428571428571
LongestIncreasingSubsequence,30,4,4,592,0.6547619047619048,0.7361111111111112
LongestIncreasingSubsequence,30,5,3,408,1.0,1.0
LongestIncreasingSubsequence,30,6,4,80,0.625,0.6993464052287581
LongestIncreasingSubsequence,30,7,4,93,1.0,1.0
LongestIncreasingSubsequence,30,8,4,125,0.85,0.8928571428571428
LongestIncreasingSubsequence,30,9,5,110,0.7238095238095238,0.788888888888889
LongestIncreasingSubsequence,30,10,3,186,0.7999999999999999,0.8571428571428571
LongestIncreasingSubsequence,60,1,4,1170,0.9,0.9375
LongestIncreasingSubsequence,60,2,4,1228,0.6547619047619048,0.7361111111111112
LongestIncreasingSubsequence,60,3,3,1412,0.7999999999999999,0.8571428571428571
LongestIncreasingSubsequence,60,4,4,1303,0.6547619047619048,0.7361111111111112
LongestIncreasingSubsequence,60,5,3,901,1.0,1.0
LongestIncreasingSubsequence,60,6,4,264,0.6547619047619048,0.7361111111111112
LongestIncreasingSubsequence,60,7,4,201,1.0,1.0
LongestIncreasingSubsequence,60,8,4,251,0.85,0.8928571428571428
LongestIncreasingSubsequence,60,9,5,596,0.7238095238095238,0.788888888888889
LongestIncreasingSubsequence,60,10,3,709,0.8666666666666667,0.9166666666666666
LongestIncreasingSubsequence,120,1,4,2571,1.0,1.0
LongestIncreasingSubsequence,120,2,4,2583,0.6547619047619047,0.7361111111111112
LongestIncreasingSubsequence,120,3,3,1309,0.7999999999999999,0.8571428571428571
LongestIncreasingSubsequence,120,4,4,2764,0.85,0.8928571428571428
LongestIncreasingSubsequence,120,5,3,2131,1.0,1.0
LongestIncreasingSubsequence,120,6,4,650,0.6547619047619048,0.7361111111111112
LongestIncreasingSubsequence,120,7,4,534,1.0,1.0
LongestIncreasingSubsequence,120,8,4,1448,0.85,0.8928571428571428
LongestIncreasingSubsequence,120,9,5,1676,0.7238095238095237,0.788888888888889
LongestIncreasingSubsequence,120,10,3,1696,1.0,1.0
LruCache,30,1,9,723,1.0,1.0
LruCache,30,2,10,748,0.9857142857142858,0.9923076923076923
LruCache,30,3,8,178,0.8705357142857143,0.9255952380952381
LruCache,30,4,8,498,0.9861111111111112,0.9926470588235294
LruCache,30,5,9,291,0.9435626102292769,0.9698340874811464
LruCache,30,6,9,148,0.9876543209876544,0.9934640522875817
LruCache,30,7,7,240,1.0,1.0
LruCache,30,8,7,93,0.842687074829932,0.9070643642072213
LruCache,30,9,9,138,0.8809523809523809,0.9312169312169313
LruCache,30,10,8,147,0.9317956349206349,0.9633347045111751
LruCache,60,1,9,1585,1.0,1.0
LruCache,60,2,10,1508,1.0,1.0
LruCache,60,3,8,179,0.8705357142857143,0.9255952380952381
LruCache,60,4,8,1060,0.9682539682539683,0.9830316742081449
LruCache,60,5,9,621,0.91005291005291,0.9506033182503771
LruCache,60,6,9,615,1.0,1.0
LruCache,60,7,7,798,1.0,1.0
LruCache,60,8,7,164,0.8426870748299319,0.9070643642072215
LruCache,60,9,9,265,0.8809523809523809,0.9312169312169313
LruCache,60,10,8,516,0.9704861111111112,0.9843137254901961
LruCache,120,1,9,992,1.0,1.0
LruCache,120,2,10,1285,0.9857142857142858,0.9923076923076923
LruCache,120,3,8,333,0.8705357142857143,0.9255952380952381
LruCache,120,4,8,2259,1.0,1.0
LruCache,120,5,9,1444,0.9559082892416225,0.9763700351935647
LruCache,120,6,9,1893,1.0,1.0
LruCache,120,7,7,1809,1.0,1.0
LruCache,120,8,7,349,0.8809523809523808,0.930612244897959
LruCache,120,9,9,564,0.8809523809523809,0.9312169312169313
LruCache,120,10,8,1157,0.9704861111111112,0.9843137254901961
PricingEngine,30,1,24,162,0.42936639139200805,0.4874880164514696
PricingEngine,30,2,23,422,0.5449553252803846,0.5852480980542607
PricingEngine,30,3,24,346,0.5574127032692106,0.5872797270677793
PricingEngine,30,4,25,524,0.4512652490733038,0.5078735884919929
PricingEngine,30,5,24,425,0.5604056881862661,0.5861345583428327
PricingEngine,30,6,22,368,0.5693711047320673,0.61068538043572
PricingEngine,30,7,22,318,0.5084691452338511,0.5548887206041466
PricingEngine,30,8,22,349,0.4324662061794415,0.48512147202774164
PricingEngine,30,9,23,367,0.47619520469584414,0.5255862308873345
PricingEngine,30,10,23,547,0.5425083315394801,0.570280980356063
PricingEngine,60,1,24,369,0.4511643574127216,0.5001757592640307
PricingEngine,60,2,23,402,0.5436775216688213,0.584702245967227
PricingEngine,60,3,24,378,0.5669788145476001,0.5930192233952879
PricingEngine,60,4,24,1122,0.43059751189495027,0.4884824148956997
PricingEngine,60,5,24,1039,0.5603605943911724,0.586109326273888
PricingEngine,60,6,22,689,0.5839794044339498,0.6188102752711888
PricingEngine,60,7,23,648,0.47278041651443187,0.507876879266831
PricingEngine,60,8,22,755,0.4476074727411625,0.4976715826746289
PricingEngine,60,9,23,956,0.5322674441445583,0.5618321343034913
PricingEngine,60,10,23,1147,0.5576185025766687,0.5788022862349397
PricingEngine,120,1,23,925,0.4251958754516299,0.47726054662365475
PricingEngine,120,2,23,999,0.5716404086743111,0.6032974764562352
PricingEngine,120,3,23,1118,0.5854625908334349,0.5964441645964582
PricingEngine,120,4,23,2264,0.5064238944121999,0.5461502884964812
PricingEngine,120,5,24,2158,0.5627928616550233,0.5873387974400738
PricingEngine,120,6,24,1457,0.6052358101501246,0.6434923789906656
PricingEngine,120,7,25,1579,0.5082587853323147,0.543793994108204
PricingEngine,120,8,23,2016,0.5071804083952421,0.5447890633706307
PricingEngine,120,9,24,2506,0.5785167897804283,0.5987983689146633
PricingEngine,120,10,25,2895,0.5963015690079585,0.614254811083824
SimpleJsonParser,30,1,15,4,0.8142857142857144,0.871111111111111
SimpleJsonParser,30,2,16,4,0.8258928571428572,0.8791666666666667
SimpleJsonParser,30,3,14,4,0.8418367346938777,0.8904761904761903
SimpleJsonParser,30,4,15,4,0.8523809523809525,0.8977777777777778
SimpleJsonParser,30,5,14,4,0.8010204081632654,0.8619047619047617
SimpleJsonParser,30,6,14,4,0.8418367346938777,0.8904761904761903
SimpleJsonParser,30,7,14,4,0.7602040816326532,0.8333333333333331
SimpleJsonParser,30,8,13,4,0.8296703296703297,0.8820512820512819
SimpleJsonParser,30,9,12,4,0.8630952380952381,0.9055555555555554
SimpleJsonParser,30,10,14,4,0.8010204081632654,0.8619047619047617
SimpleJsonParser,60,1,16,4,0.8258928571428572,0.8791666666666667
SimpleJsonParser,60,2,17,4,0.8361344537815126,0.8862745098039215
SimpleJsonParser,60,3,16,4,0.8616071428571429,0.9041666666666667
SimpleJsonParser,60,4,16,4,0.8616071428571429,0.9041666666666667
SimpleJsonParser,60,5,16,4,0.7901785714285715,0.8541666666666667
SimpleJsonParser,60,6,14,4,0.8418367346938777,0.8904761904761903
SimpleJsonParser,60,7,14,4,0.7602040816326532,0.8333333333333333
SimpleJsonParser,60,8,14,4,0.8418367346938777,0.8904761904761903
SimpleJsonParser,60,9,14,4,0.8826530612244898,0.919047619047619
SimpleJsonParser,60,10,17,4,0.8361344537815126,0.8862745098039215
SimpleJsonParser,120,1,16,4,0.8258928571428572,0.8791666666666667
SimpleJsonParser,120,2,16,4,0.8616071428571429,0.9041666666666667
SimpleJsonParser,120,3,17,4,0.8697478991596639,0.9098039215686274
SimpleJsonParser,120,4,17,4,0.8361344537815126,0.8862745098039215
SimpleJsonParser,120,5,17,4,0.8025210084033613,0.8627450980392157
SimpleJsonParser,120,6,16,4,0.8616071428571429,0.9041666666666667
SimpleJsonParser,120,7,15,4,0.8142857142857144,0.8711111111111111
SimpleJsonParser,120,8,15,4,0.8523809523809525,0.8977777777777777
SimpleJsonParser,120,9,16,4,0.8616071428571429,0.9041666666666667
SimpleJsonParser,120,10,17,4,0.8361344537815126,0.8862745098039215
