timestamp,tool,targetClass,budgetSec,run,seed,status,elapsedSec,outputDir,error
2026-05-29T20:54:39.096645,EvoSuite,com.viktor.lab4.LongestIncreasingSubsequence,30,10,10010,OK,39.094,C:\Users\user\Documents\Polytech\Testing\Lab4up\generated-tests\EvoSuite\LongestIncreasingSubsequence\30\run10-seed10010,
2026-05-29T20:55:46.512811,EvoSuite,com.viktor.lab4.LongestIncreasingSubsequence,60,10,10010,OK,67.415,C:\Users\user\Documents\Polytech\Testing\Lab4up\generated-tests\EvoSuite\LongestIncreasingSubsequence\60\run10-seed10010,
2026-05-29T20:58:01.879734,EvoSuite,com.viktor.lab4.LongestIncreasingSubsequence,120,10,10010,OK,135.366,C:\Users\user\Documents\Polytech\Testing\Lab4up\generated-tests\EvoSuite\LongestIncreasingSubsequence\120\run10-seed10010,
2026-05-29T20:58:57.603455,EvoSuite,com.viktor.lab4.LruCache,30,10,10010,OK,55.721,C:\Users\user\Documents\Polytech\Testing\Lab4up\generated-tests\EvoSuite\LruCache\30\run10-seed10010,
2026-05-29T21:00:18.323672,EvoSuite,com.viktor.lab4.LruCache,60,10,10010,OK,80.717,C:\Users\user\Documents\Polytech\Testing\Lab4up\generated-tests\EvoSuite\LruCache\60\run10-seed10010,
2026-05-29T21:02:44.815498,EvoSuite,com.viktor.lab4.LruCache,120,10,10010,OK,146.49,C:\Users\user\Documents\Polytech\Testing\Lab4up\generated-tests\EvoSuite\LruCache\120\run10-seed10010,
2026-05-29T21:04:37.737865,EvoSuite,com.viktor.lab4.SimpleJsonParser,30,10,10010,OK,112.92,C:\Users\user\Documents\Polytech\Testing\Lab4up\generated-tests\EvoSuite\SimpleJsonParser\30\run10-seed10010,
2026-05-29T21:07:03.281609,EvoSuite,com.viktor.lab4.SimpleJsonParser,60,10,10010,OK,145.542,C:\Users\user\Documents\Polytech\Testing\Lab4up\generated-tests\EvoSuite\SimpleJsonParser\60\run10-seed10010,
2026-05-29T21:10:33.854042,EvoSuite,com.viktor.lab4.SimpleJsonParser,120,10,10010,OK,210.567,C:\Users\user\Documents\Polytech\Testing\Lab4up\generated-tests\EvoSuite\SimpleJsonParser\120\run10-seed10010,
2026-05-29T21:11:48.685611,EvoSuite,com.viktor.lab4.PricingEngine,30,10,10010,OK,74.828,C:\Users\user\Documents\Polytech\Testing\Lab4up\generated-tests\EvoSuite\PricingEngine\30\run10-seed10010,
2026-05-29T21:13:33.525631,EvoSuite,com.viktor.lab4.PricingEngine,60,10,10010,OK,104.838,C:\Users\user\Documents\Polytech\Testing\Lab4up\generated-tests\EvoSuite\PricingEngine\60\run10-seed10010,
2026-05-29T21:16:13.927373,EvoSuite,com.viktor.lab4.PricingEngine,120,10,10010,OK,160.399,C:\Users\user\Documents\Polytech\Testing\Lab4up\generated-tests\EvoSuite\PricingEngine\120\run10-seed10010,
2026-05-29T21:16:48.320575,Randoop,com.viktor.lab4.LongestIncreasingSubsequence,30,10,10010,OK,34.39,C:\Users\user\Documents\Polytech\Testing\Lab4up\generated-tests\Randoop\LongestIncreasingSubsequence\30\run10-seed10010,
2026-05-29T21:18:00.495159,Randoop,com.viktor.lab4.LongestIncreasingSubsequence,60,10,10010,OK,72.173,C:\Users\user\Documents\Polytech\Testing\Lab4up\generated-tests\Randoop\LongestIncreasingSubsequence\60\run10-seed10010,
2026-05-29T21:20:33.121084,Randoop,com.viktor.lab4.LongestIncreasingSubsequence,120,10,10010,OK,152.625,C:\Users\user\Documents\Polytech\Testing\Lab4up\generated-tests\Randoop\LongestIncreasingSubsequence\120\run10-seed10010,
2026-05-29T21:21:06.433348,Randoop,com.viktor.lab4.LruCache,30,10,10010,OK,33.311,C:\Users\user\Documents\Polytech\Testing\Lab4up\generated-tests\Randoop\LruCache\30\run10-seed10010,
2026-05-29T21:22:16.221603,Randoop,com.viktor.lab4.LruCache,60,10,10010,OK,69.788,C:\Users\user\Documents\Polytech\Testing\Lab4up\generated-tests\Randoop\LruCache\60\run10-seed10010,
2026-05-29T21:24:34.176513,Randoop,com.viktor.lab4.LruCache,120,10,10010,OK,137.953,C:\Users\user\Documents\Polytech\Testing\Lab4up\generated-tests\Randoop\LruCache\120\run10-seed10010,
2026-05-29T21:25:05.337718,Randoop,com.viktor.lab4.SimpleJsonParser,30,10,10010,OK,31.16,C:\Users\user\Documents\Polytech\Testing\Lab4up\generated-tests\Randoop\SimpleJsonParser\30\run10-seed10010,
2026-05-29T21:26:06.426014,Randoop,com.viktor.lab4.SimpleJsonParser,60,10,10010,OK,61.087,C:\Users\user\Documents\Polytech\Testing\Lab4up\generated-tests\Randoop\SimpleJsonParser\60\run10-seed10010,
2026-05-29T21:28:07.309332,Randoop,com.viktor.lab4.SimpleJsonParser,120,10,10010,OK,120.883,C:\Users\user\Documents\Polytech\Testing\Lab4up\generated-tests\Randoop\SimpleJsonParser\120\run10-seed10010,
2026-05-29T21:28:40.473712,Randoop,com.viktor.lab4.PricingEngine,30,10,10010,OK,33.163,C:\Users\user\Documents\Polytech\Testing\Lab4up\generated-tests\Randoop\PricingEngine\30\run10-seed10010,
2026-05-29T21:29:47.013858,Randoop,com.viktor.lab4.PricingEngine,60,10,10010,OK,66.539,C:\Users\user\Documents\Polytech\Testing\Lab4up\generated-tests\Randoop\PricingEngine\60\run10-seed10010,
2026-05-29T21:32:00.300417,Randoop,com.viktor.lab4.PricingEngine,120,10,10010,OK,133.286,C:\Users\user\Documents\Polytech\Testing\Lab4up\generated-tests\Randoop\PricingEngine\120\run10-seed10010,
2026-09-07T19:54:10.801815,QwenLLM,com.viktor.lab4.LongestIncreasingSubsequence,1800,1,101,OK,1684.046,C:\Users\user\Documents\Polytech\Testing\Lab4up\src\generatedTest\suites\QwenLLM\LongestIncreasingSubsequence\1800\run1-seed101,
2026-09-07T20:24:10.836095,QwenLLM,com.viktor.lab4.LruCache,1800,1,101,OK,1800.033,C:\Users\user\Documents\Polytech\Testing\Lab4up\src\generatedTest\suites\QwenLLM\LruCache\1800\run1-seed101,
2026-09-07T20:54:10.860277,QwenLLM,com.viktor.lab4.PricingEngine,1800,1,101,EMPTY,1800.022,C:\Users\user\Documents\Polytech\Testing\Lab4up\src\generatedTest\suites\QwenLLM\PricingEngine\1800\run1-seed101,
2026-09-07T21:24:10.899927,QwenLLM,com.viktor.lab4.SimpleJsonParser,1800,1,101,OK,1800.037,C:\Users\user\Documents\Polytech\Testing\Lab4up\src\generatedTest\suites\QwenLLM\SimpleJsonParser\1800\run1-seed101,
2026-09-08T01:02:53.905598,QwenLLM,com.viktor.lab4.PricingEngine,1800,2,202,EMPTY,1800.028,C:\Users\user\Documents\Polytech\Testing\Lab4up\src\generatedTest\suites\QwenLLM\PricingEngine\1800\run2-seed202,
2026-09-08T02:18:24.075003,QwenLLM,com.viktor.lab4.LongestIncreasingSubsequence,1800,1,101,OK,672.05,C:\Users\user\Documents\Polytech\Testing\Lab4up\src\generatedTest\qwen-v4-20260908-020700-5fa27f\QwenLLM\LongestIncreasingSubsequence\1800\run1-seed101,
2026-09-08T02:31:37.481973,QwenLLM,com.viktor.lab4.LruCache,1800,1,101,OK,793.406,C:\Users\user\Documents\Polytech\Testing\Lab4up\src\generatedTest\qwen-v4-20260908-020700-5fa27f\QwenLLM\LruCache\1800\run1-seed101,
2026-09-08T03:01:37.519838,QwenLLM,com.viktor.lab4.PricingEngine,1800,1,101,OK,1800.036,C:\Users\user\Documents\Polytech\Testing\Lab4up\src\generatedTest\qwen-v4-20260908-020700-5fa27f\QwenLLM\PricingEngine\1800\run1-seed101,
2026-09-08T03:31:37.550443,QwenLLM,com.viktor.lab4.SimpleJsonParser,1800,1,101,OK,1800.026,C:\Users\user\Documents\Polytech\Testing\Lab4up\src\generatedTest\qwen-v4-20260908-020700-5fa27f\QwenLLM\SimpleJsonParser\1800\run1-seed101,
2026-09-09T00:43:18.779326,QwenLLM,com.viktor.lab4.LongestIncreasingSubsequence,1800,2,202,OK,359.803,C:\Users\user\Documents\Polytech\Testing\Lab4up\src\generatedTest\qwen-v4-20260908-020700-5fa27f\QwenLLM\LongestIncreasingSubsequence\1800\run2-seed202,
2026-09-09T01:04:42.862843,QwenLLM,com.viktor.lab4.LruCache,1800,2,202,OK,1284.083,C:\Users\user\Documents\Polytech\Testing\Lab4up\src\generatedTest\qwen-v4-20260908-020700-5fa27f\QwenLLM\LruCache\1800\run2-seed202,
2026-09-09T01:34:42.869610,QwenLLM,com.viktor.lab4.PricingEngine,1800,2,202,OK,1800.006,C:\Users\user\Documents\Polytech\Testing\Lab4up\src\generatedTest\qwen-v4-20260908-020700-5fa27f\QwenLLM\PricingEngine\1800\run2-seed202,
2026-09-09T02:04:42.888985,QwenLLM,com.viktor.lab4.SimpleJsonParser,1800,2,202,OK,1800.018,C:\Users\user\Documents\Polytech\Testing\Lab4up\src\generatedTest\qwen-v4-20260908-020700-5fa27f\QwenLLM\SimpleJsonParser\1800\run2-seed202,
2026-09-09T02:11:32.613242,QwenLLM,com.viktor.lab4.LongestIncreasingSubsequence,1800,3,303,OK,407.181,C:\Users\user\Documents\Polytech\Testing\Lab4up\src\generatedTest\qwen-v4-20260908-020700-5fa27f\QwenLLM\LongestIncreasingSubsequence\1800\run3-seed303,
2026-09-09T02:41:32.626807,QwenLLM,com.viktor.lab4.LruCache,1800,3,303,OK,1800.013,C:\Users\user\Documents\Polytech\Testing\Lab4up\src\generatedTest\qwen-v4-20260908-020700-5fa27f\QwenLLM\LruCache\1800\run3-seed303,
2026-09-09T03:11:32.655653,QwenLLM,com.viktor.lab4.PricingEngine,1800,3,303,OK,1800.028,C:\Users\user\Documents\Polytech\Testing\Lab4up\src\generatedTest\qwen-v4-20260908-020700-5fa27f\QwenLLM\PricingEngine\1800\run3-seed303,
2026-09-09T03:41:32.708397,QwenLLM,com.viktor.lab4.SimpleJsonParser,1800,3,303,OK,1800.052,C:\Users\user\Documents\Polytech\Testing\Lab4up\src\generatedTest\qwen-v4-20260908-020700-5fa27f\QwenLLM\SimpleJsonParser\1800\run3-seed303,
2026-09-09T15:51:25.788899,QwenLLM,com.viktor.lab4.LongestIncreasingSubsequence,1800,4,404,OK,205.681,C:\Users\user\Documents\Polytech\Testing\Lab4up\src\generatedTest\qwen-v4-20260908-020700-5fa27f\QwenLLM\LongestIncreasingSubsequence\1800\run4-seed404,
2026-09-09T16:09:18.363982,QwenLLM,com.viktor.lab4.LruCache,1800,4,404,OK,1072.574,C:\Users\user\Documents\Polytech\Testing\Lab4up\src\generatedTest\qwen-v4-20260908-020700-5fa27f\QwenLLM\LruCache\1800\run4-seed404,
2026-09-09T16:39:18.402528,QwenLLM,com.viktor.lab4.PricingEngine,1800,4,404,OK,1800.011,C:\Users\user\Documents\Polytech\Testing\Lab4up\src\generatedTest\qwen-v4-20260908-020700-5fa27f\QwenLLM\PricingEngine\1800\run4-seed404,
2026-09-09T17:09:18.479669,QwenLLM,com.viktor.lab4.SimpleJsonParser,1800,4,404,EMPTY,1800.052,C:\Users\user\Documents\Polytech\Testing\Lab4up\src\generatedTest\qwen-v4-20260908-020700-5fa27f\QwenLLM\SimpleJsonParser\1800\run4-seed404,
2026-09-09T17:12:24.054325,QwenLLM,com.viktor.lab4.LongestIncreasingSubsequence,1800,5,505,OK,182.025,C:\Users\user\Documents\Polytech\Testing\Lab4up\src\generatedTest\qwen-v4-20260908-020700-5fa27f\QwenLLM\LongestIncreasingSubsequence\1800\run5-seed505,
2026-09-09T17:25:23.444230,QwenLLM,com.viktor.lab4.LruCache,1800,5,505,OK,779.389,C:\Users\user\Documents\Polytech\Testing\Lab4up\src\generatedTest\qwen-v4-20260908-020700-5fa27f\QwenLLM\LruCache\1800\run5-seed505,
2026-09-09T17:55:23.456233,QwenLLM,com.viktor.lab4.PricingEngine,1800,5,505,OK,1800.011,C:\Users\user\Documents\Polytech\Testing\Lab4up\src\generatedTest\qwen-v4-20260908-020700-5fa27f\QwenLLM\PricingEngine\1800\run5-seed505,
2026-09-09T18:25:23.496174,QwenLLM,com.viktor.lab4.SimpleJsonParser,1800,5,505,OK,1800.014,C:\Users\user\Documents\Polytech\Testing\Lab4up\src\generatedTest\qwen-v4-20260908-020700-5fa27f\QwenLLM\SimpleJsonParser\1800\run5-seed505,
2026-09-09T18:29:19.468455,QwenLLM,com.viktor.lab4.LongestIncreasingSubsequence,1800,6,606,OK,233.4,C:\Users\user\Documents\Polytech\Testing\Lab4up\src\generatedTest\qwen-v4-20260908-020700-5fa27f\QwenLLM\LongestIncreasingSubsequence\1800\run6-seed606,
2026-09-09T18:52:41.377511,QwenLLM,com.viktor.lab4.LruCache,1800,6,606,OK,1401.908,C:\Users\user\Documents\Polytech\Testing\Lab4up\src\generatedTest\qwen-v4-20260908-020700-5fa27f\QwenLLM\LruCache\1800\run6-seed606,
2026-09-09T19:22:41.427708,QwenLLM,com.viktor.lab4.PricingEngine,1800,6,606,OK,1800.05,C:\Users\user\Documents\Polytech\Testing\Lab4up\src\generatedTest\qwen-v4-20260908-020700-5fa27f\QwenLLM\PricingEngine\1800\run6-seed606,
2026-09-09T19:51:00.248384,QwenLLM,com.viktor.lab4.SimpleJsonParser,1800,6,606,OK,1698.819,C:\Users\user\Documents\Polytech\Testing\Lab4up\src\generatedTest\qwen-v4-20260908-020700-5fa27f\QwenLLM\SimpleJsonParser\1800\run6-seed606,
2026-09-09T19:53:36.456549,QwenLLM,com.viktor.lab4.LongestIncreasingSubsequence,1800,7,707,OK,152.502,C:\Users\user\Documents\Polytech\Testing\Lab4up\src\generatedTest\qwen-v4-20260908-020700-5fa27f\QwenLLM\LongestIncreasingSubsequence\1800\run7-seed707,
2026-09-09T20:01:44.890374,QwenLLM,com.viktor.lab4.LruCache,1800,7,707,OK,488.433,C:\Users\user\Documents\Polytech\Testing\Lab4up\src\generatedTest\qwen-v4-20260908-020700-5fa27f\QwenLLM\LruCache\1800\run7-seed707,
2026-09-09T20:31:44.905085,QwenLLM,com.viktor.lab4.PricingEngine,1800,7,707,OK,1800.014,C:\Users\user\Documents\Polytech\Testing\Lab4up\src\generatedTest\qwen-v4-20260908-020700-5fa27f\QwenLLM\PricingEngine\1800\run7-seed707,
2026-09-09T20:56:03.933532,QwenLLM,com.viktor.lab4.SimpleJsonParser,1800,7,707,OK,1459.027,C:\Users\user\Documents\Polytech\Testing\Lab4up\src\generatedTest\qwen-v4-20260908-020700-5fa27f\QwenLLM\SimpleJsonParser\1800\run7-seed707,
2026-09-09T21:02:35.316797,QwenLLM,com.viktor.lab4.LongestIncreasingSubsequence,1800,8,808,OK,389.715,C:\Users\user\Documents\Polytech\Testing\Lab4up\src\generatedTest\qwen-v4-20260908-020700-5fa27f\QwenLLM\LongestIncreasingSubsequence\1800\run8-seed808,
2026-09-09T21:25:52.917469,QwenLLM,com.viktor.lab4.LruCache,1800,8,808,OK,1397.598,C:\Users\user\Documents\Polytech\Testing\Lab4up\src\generatedTest\qwen-v4-20260908-020700-5fa27f\QwenLLM\LruCache\1800\run8-seed808,
2026-09-09T21:55:52.942860,QwenLLM,com.viktor.lab4.PricingEngine,1800,8,808,OK,1800.023,C:\Users\user\Documents\Polytech\Testing\Lab4up\src\generatedTest\qwen-v4-20260908-020700-5fa27f\QwenLLM\PricingEngine\1800\run8-seed808,
2026-09-09T22:25:52.985139,QwenLLM,com.viktor.lab4.SimpleJsonParser,1800,8,808,OK,1800.04,C:\Users\user\Documents\Polytech\Testing\Lab4up\src\generatedTest\qwen-v4-20260908-020700-5fa27f\QwenLLM\SimpleJsonParser\1800\run8-seed808,
2026-09-09T22:36:05.434720,QwenLLM,com.viktor.lab4.LongestIncreasingSubsequence,1800,9,909,OK,609.694,C:\Users\user\Documents\Polytech\Testing\Lab4up\src\generatedTest\qwen-v4-20260908-020700-5fa27f\QwenLLM\LongestIncreasingSubsequence\1800\run9-seed909,
2026-09-09T22:46:53.608591,QwenLLM,com.viktor.lab4.LruCache,1800,9,909,OK,648.172,C:\Users\user\Documents\Polytech\Testing\Lab4up\src\generatedTest\qwen-v4-20260908-020700-5fa27f\QwenLLM\LruCache\1800\run9-seed909,
2026-09-09T23:16:53.621608,QwenLLM,com.viktor.lab4.PricingEngine,1800,9,909,OK,1800.012,C:\Users\user\Documents\Polytech\Testing\Lab4up\src\generatedTest\qwen-v4-20260908-020700-5fa27f\QwenLLM\PricingEngine\1800\run9-seed909,
2026-09-09T23:46:46.792543,QwenLLM,com.viktor.lab4.SimpleJsonParser,1800,9,909,OK,1793.169,C:\Users\user\Documents\Polytech\Testing\Lab4up\src\generatedTest\qwen-v4-20260908-020700-5fa27f\QwenLLM\SimpleJsonParser\1800\run9-seed909,
2026-09-09T23:56:20.186505,QwenLLM,com.viktor.lab4.LongestIncreasingSubsequence,1800,10,10010,OK,570.929,C:\Users\user\Documents\Polytech\Testing\Lab4up\src\generatedTest\qwen-v4-20260908-020700-5fa27f\QwenLLM\LongestIncreasingSubsequence\1800\run10-seed10010,
2026-09-10T00:19:23.108987,QwenLLM,com.viktor.lab4.LruCache,1800,10,10010,OK,1382.919,C:\Users\user\Documents\Polytech\Testing\Lab4up\src\generatedTest\qwen-v4-20260908-020700-5fa27f\QwenLLM\LruCache\1800\run10-seed10010,
2026-09-10T00:49:23.163518,QwenLLM,com.viktor.lab4.PricingEngine,1800,10,10010,OK,1800.052,C:\Users\user\Documents\Polytech\Testing\Lab4up\src\generatedTest\qwen-v4-20260908-020700-5fa27f\QwenLLM\PricingEngine\1800\run10-seed10010,
2026-09-10T01:19:16.606014,QwenLLM,com.viktor.lab4.SimpleJsonParser,1800,10,10010,OK,1793.438,C:\Users\user\Documents\Polytech\Testing\Lab4up\src\generatedTest\qwen-v4-20260908-020700-5fa27f\QwenLLM\SimpleJsonParser\1800\run10-seed10010,
